"Cluster","ID","Description","GeneRatio","BgRatio","pvalue","p.adjust","qvalue","geneID","Count"
"c-1","hsa05207","Chemical carcinogenesis - receptor activation","6/33","212/8093",0.000184481824463328,0.0287791646162792,0.023108775906459,"mrna_FGF7/mrna_AIP/mrna_BAD/mrna_AKT1/mrna_IKBKE/mrna_HSP90AB1",6
"c-1","hsa05215","Prostate cancer","4/33","97/8093",0.000607877981932852,0.0474144825907625,0.0380723578157944,"mrna_LEF1/mrna_BAD/mrna_AKT1/mrna_HSP90AB1",4
"c-2","hsa04218","Cellular senescence","6/31","156/8093",2.30238553296077e-05,0.00331543516746351,0.0023508568073389,"mrna_RBBP4/mrna_TSC1/mrna_MAP2K2/mrna_CDK1/mrna_CCNA2/mrna_CHEK1",6
"c-2","hsa05231","Choline metabolism in cancer","4/31","98/8093",0.000495002177951708,0.0312155540017139,0.0221338358053089,"mrna_TSC1/mrna_MAP2K2/mrna_EGFR/mrna_SP1",4
"c-2","hsa05170","Human immunodeficiency virus 1 infection","5/31","212/8093",0.00114681114587072,0.0312155540017139,0.0221338358053089,"mrna_PXN/mrna_MAP2K2/mrna_CDK1/mrna_LIMK1/mrna_CHEK1",5
"c-2","hsa04110","Cell cycle","4/31","126/8093",0.00127278999272347,0.0312155540017139,0.0221338358053089,"mrna_CDC45/mrna_CDK1/mrna_CCNA2/mrna_CHEK1",4
"c-2","hsa05213","Endometrial cancer","3/31","58/8093",0.00136175488989404,0.0312155540017139,0.0221338358053089,"mrna_CTNNA1/mrna_MAP2K2/mrna_EGFR",3
"c-2","hsa05163","Human cytomegalovirus infection","5/31","225/8093",0.00149523388876895,0.0312155540017139,0.0221338358053089,"mrna_PXN/mrna_TSC1/mrna_MAP2K2/mrna_EGFR/mrna_SP1",5
"c-2","hsa04014","Ras signaling pathway","5/31","232/8093",0.00171250612047321,0.0312155540017139,0.0221338358053089,"mrna_ZAP70/mrna_MAP2K2/mrna_EGFR/mrna_RAP1A/mrna_EPHA2",5
"c-2","hsa05135","Yersinia infection","4/31","137/8093",0.00173419744453966,0.0312155540017139,0.0221338358053089,"mrna_PXN/mrna_ZAP70/mrna_MAP2K2/mrna_LIMK1",4
"c-2","hsa04520","Adherens junction","3/31","71/8093",0.00243899297797726,0.0356371480608543,0.0252690304232666,"mrna_CTNNA1/mrna_PTPN1/mrna_EGFR",3
"c-2","hsa04115","p53 signaling pathway","3/31","73/8093",0.00264042362041909,0.0356371480608543,0.0252690304232666,"mrna_APAF1/mrna_CDK1/mrna_CHEK1",3
"c-2","hsa04934","Cushing syndrome","4/31","155/8093",0.00272228214353748,0.0356371480608543,0.0252690304232666,"mrna_MAP2K2/mrna_EGFR/mrna_SP1/mrna_RAP1A",4
"c-2","hsa05161","Hepatitis B","4/31","162/8093",0.00319371377789967,0.0383245653347961,0.0271745821452867,"mrna_HSPG2/mrna_MAP2K2/mrna_APAF1/mrna_CCNA2",4
"c-2","hsa04540","Gap junction","3/31","88/8093",0.004481610318207,0.0475816123998675,0.0337384239969821,"mrna_MAP2K2/mrna_EGFR/mrna_CDK1",3
"c-2","hsa05235","PD-L1 expression and PD-1 checkpoint pathway in cancer","3/31","89/8093",0.00462599009443156,0.0475816123998675,0.0337384239969821,"mrna_ZAP70/mrna_MAP2K2/mrna_EGFR",3
"c-11","hsa05163","Human cytomegalovirus infection","7/36","225/8093",4.90731148411782e-05,0.00672301673324141,0.00630202106381446,"mrna_B2M/mrna_GNAQ/mrna_BCAR1/mrna_ROCK1/mrna_CCL4/mrna_TAP1/mrna_TAPBP",7
"c-12","hsa04662","B cell receptor signaling pathway","6/43","82/8093",4.06458254278652e-06,0.000772270683129439,0.000440686317796854,"mrna_BLNK/mrna_MAPK1/mrna_NFKB1/mrna_RAC2/mrna_CD79B/mrna_PIK3R1",6
"c-12","hsa05212","Pancreatic cancer","5/43","76/8093",4.65877799752294e-05,0.00355731763226912,0.00202993748544997,"mrna_MAPK1/mrna_BRCA2/mrna_NFKB1/mrna_RAC2/mrna_PIK3R1",5
"c-12","hsa01521","EGFR tyrosine kinase inhibitor resistance","5/43","79/8093",5.61681731410913e-05,0.00355731763226912,0.00202993748544997,"mrna_NF1/mrna_AXL/mrna_MAPK1/mrna_IGF1/mrna_PIK3R1",5
"c-12","hsa04620","Toll-like receptor signaling pathway","5/43","104/8093",0.00020780050566124,0.00702638509530875,0.00400951614856954,"mrna_MAP2K7/mrna_TLR5/mrna_MAPK1/mrna_NFKB1/mrna_PIK3R1",5
"c-12","hsa04660","T cell receptor signaling pathway","5/43","104/8093",0.00020780050566124,0.00702638509530875,0.00400951614856954,"mrna_MAP2K7/mrna_MAPK1/mrna_CTLA4/mrna_NFKB1/mrna_PIK3R1",5
"c-12","hsa04659","Th17 cell differentiation","5/43","108/8093",0.000247961708240551,0.00702638509530875,0.00400951614856954,"mrna_MAPK1/mrna_IRF4/mrna_NFKB1/mrna_IL2RB/mrna_STAT6",5
"c-12","hsa04066","HIF-1 signaling pathway","5/43","109/8093",0.000258866819300849,0.00702638509530875,0.00400951614856954,"mrna_TIMP1/mrna_MAPK1/mrna_IGF1/mrna_NFKB1/mrna_PIK3R1",5
"c-12","hsa04722","Neurotrophin signaling pathway","5/43","119/8093",0.000389140032941457,0.00869535732428897,0.00496189365319537,"mrna_MAP2K7/mrna_MAPK1/mrna_NFKB1/mrna_PIK3R1/mrna_TP73",5
"c-12","hsa04664","Fc epsilon RI signaling pathway","4/43","68/8093",0.000439615280930362,0.00869535732428897,0.00496189365319537,"mrna_MAP2K7/mrna_MAPK1/mrna_RAC2/mrna_PIK3R1",4
"c-12","hsa04613","Neutrophil extracellular trap formation","6/43","190/8093",0.000457650385488893,0.00869535732428897,0.00496189365319537,"mrna_MAPK1/mrna_CR1/mrna_ITGAL/mrna_NFKB1/mrna_RAC2/mrna_PIK3R1",6
"c-12","hsa04380","Osteoclast differentiation","5/43","128/8093",0.000544181330595737,0.00939949571029,0.00536370115324028,"mrna_MAP2K7/mrna_BLNK/mrna_MAPK1/mrna_NFKB1/mrna_PIK3R1",5
"c-12","hsa05135","Yersinia infection","5/43","137/8093",0.000741776489193004,0.0117447944122226,0.00670201564797188,"mrna_MAP2K7/mrna_MAPK1/mrna_NFKB1/mrna_RAC2/mrna_PIK3R1",5
"c-12","hsa05170","Human immunodeficiency virus 1 infection","6/43","212/8093",0.000816550354672884,0.0119341974913729,0.00681009607540948,"mrna_MAP2K7/mrna_MAPK1/mrna_NFKB1/mrna_SAMHD1/mrna_RAC2/mrna_PIK3R1",6
"c-12","hsa04960","Aldosterone-regulated sodium reabsorption","3/43","37/8093",0.000957271502827648,0.0127020546681751,0.00724826388267058,"mrna_MAPK1/mrna_IGF1/mrna_PIK3R1",3
"c-12","hsa05166","Human T-cell leukemia virus 1 infection","6/43","222/8093",0.001038411785727,0.0127020546681751,0.00724826388267058,"mrna_MAPK1/mrna_ITGAL/mrna_NFKB1/mrna_IL2RB/mrna_PIK3R1/mrna_NRP1",6
"c-12","hsa05210","Colorectal cancer","4/43","86/8093",0.00106964670889896,0.0127020546681751,0.00724826388267058,"mrna_MAPK1/mrna_RAC2/mrna_MSH3/mrna_PIK3R1",4
"c-12","hsa04014","Ras signaling pathway","6/43","232/8093",0.00130418858044044,0.0145176182592332,0.00828429185983945,"mrna_NF1/mrna_MAPK1/mrna_IGF1/mrna_NFKB1/mrna_RAC2/mrna_PIK3R1",6
"c-12","hsa04658","Th1 and Th2 cell differentiation","4/43","92/8093",0.00137535330876946,0.0145176182592332,0.00828429185983945,"mrna_MAPK1/mrna_NFKB1/mrna_IL2RB/mrna_STAT6",4
"c-12","hsa05161","Hepatitis B","5/43","162/8093",0.00157305874632875,0.0157305874632875,0.0089764571120145,"mrna_MAP2K7/mrna_MAPK1/mrna_NFKB1/mrna_PIK3R1/mrna_STAT6",5
"c-12","hsa05215","Prostate cancer","4/43","97/8093",0.00167303982555613,0.0158938783427832,0.00906963694906742,"mrna_MAPK1/mrna_IGF1/mrna_NFKB1/mrna_PIK3R1",4
"c-12","hsa04668","TNF signaling pathway","4/43","112/8093",0.0028311945432403,0.0256155696769361,0.0146171948848998,"mrna_MAP2K7/mrna_MAPK1/mrna_NFKB1/mrna_PIK3R1",4
"c-12","hsa05202","Transcriptional misregulation in cancer","5/43","192/8093",0.00330358901466471,0.0276607597283494,0.0157842562438781,"mrna_IGF1/mrna_BCL6/mrna_NFKB1/mrna_IL2RB/mrna_TAF15",5
"c-12","hsa05134","Legionellosis","3/43","57/8093",0.00334840775658967,0.0276607597283494,0.0157842562438781,"mrna_TLR5/mrna_CR1/mrna_NFKB1",3
"c-12","hsa04071","Sphingolipid signaling pathway","4/43","119/8093",0.00352391143546742,0.0278976321974504,0.0159194244672432,"mrna_MAPK1/mrna_NFKB1/mrna_RAC2/mrna_PIK3R1",4
"c-12","hsa04370","VEGF signaling pathway","3/43","59/8093",0.00369290769658926,0.0280660984940784,0.0160155575894187,"mrna_MAPK1/mrna_RAC2/mrna_PIK3R1",3
"c-12","hsa05169","Epstein-Barr virus infection","5/43","202/8093",0.00410582987911738,0.0294850541217542,0.0168252663409456,"mrna_MAP2K7/mrna_BLNK/mrna_ITGAL/mrna_NFKB1/mrna_PIK3R1",5
"c-12","hsa04010","MAPK signaling pathway","6/43","294/8093",0.00428865405428035,0.0294850541217542,0.0168252663409456,"mrna_MAP2K7/mrna_NF1/mrna_MAPK1/mrna_IGF1/mrna_NFKB1/mrna_RAC2",6
"c-12","hsa04926","Relaxin signaling pathway","4/43","129/8093",0.0047020207676208,0.0294850541217542,0.0168252663409456,"mrna_MAP2K7/mrna_MAPK1/mrna_NFKB1/mrna_PIK3R1",4
"c-12","hsa04015","Rap1 signaling pathway","5/43","210/8093",0.00484169802409583,0.0294850541217542,0.0168252663409456,"mrna_MAPK1/mrna_IGF1/mrna_ITGAL/mrna_RAC2/mrna_PIK3R1",5
"c-12","hsa05321","Inflammatory bowel disease","3/43","65/8093",0.00485351555337578,0.0294850541217542,0.0168252663409456,"mrna_TLR5/mrna_NFKB1/mrna_STAT6",3
"c-12","hsa04068","FoxO signaling pathway","4/43","131/8093",0.00496590385208492,0.0294850541217542,0.0168252663409456,"mrna_MAPK1/mrna_IGF1/mrna_BCL6/mrna_PIK3R1",4
"c-12","hsa04650","Natural killer cell mediated cytotoxicity","4/43","131/8093",0.00496590385208492,0.0294850541217542,0.0168252663409456,"mrna_MAPK1/mrna_ITGAL/mrna_RAC2/mrna_PIK3R1",4
"c-12","hsa05221","Acute myeloid leukemia","3/43","67/8093",0.00528396337593544,0.0304228194372041,0.0173603900389586,"mrna_MAPK1/mrna_NFKB1/mrna_PIK3R1",3
"c-12","hsa05211","Renal cell carcinoma","3/43","69/8093",0.00573676106646942,0.0314331929026359,0.0179369466425014,"mrna_MAPK1/mrna_PIK3R1/mrna_FLCN",3
"c-12","hsa04917","Prolactin signaling pathway","3/43","70/8093",0.00597163887877443,0.0314331929026359,0.0179369466425014,"mrna_MAPK1/mrna_NFKB1/mrna_PIK3R1",3
"c-12","hsa05162","Measles","4/43","139/8093",0.00612120072314488,0.0314331929026359,0.0179369466425014,"mrna_NFKB1/mrna_IL2RB/mrna_PIK3R1/mrna_TP73",4
"c-12","hsa05418","Fluid shear stress and atherosclerosis","4/43","139/8093",0.00612120072314488,0.0314331929026359,0.0179369466425014,"mrna_MAP2K7/mrna_NFKB1/mrna_RAC2/mrna_PIK3R1",4
"c-12","hsa05218","Melanoma","3/43","72/8093",0.00645853889044318,0.0316666989048547,0.0180701938349032,"mrna_MAPK1/mrna_IGF1/mrna_PIK3R1",3
"c-12","hsa03430","Mismatch repair","2/43","23/8093",0.00650000661731228,0.0316666989048547,0.0180701938349032,"mrna_LIG1/mrna_MSH3",2
"c-12","hsa01524","Platinum drug resistance","3/43","73/8093",0.00671063261349762,0.0318755049141137,0.0181893462944804,"mrna_MAPK1/mrna_MSH3/mrna_PIK3R1",3
"c-12","hsa05214","Glioma","3/43","75/8093",0.00723227879676408,0.0329404701133381,0.018797054967722,"mrna_MAPK1/mrna_IGF1/mrna_PIK3R1",3
"c-12","hsa05224","Breast cancer","4/43","147/8093",0.00744376363728629,0.0329404701133381,0.018797054967722,"mrna_MAPK1/mrna_IGF1/mrna_BRCA2/mrna_PIK3R1",4
"c-12","hsa05220","Chronic myeloid leukemia","3/43","76/8093",0.0075018968228881,0.0329404701133381,0.018797054967722,"mrna_MAPK1/mrna_NFKB1/mrna_PIK3R1",3
"c-12","hsa05140","Leishmaniasis","3/43","77/8093",0.007777420233569,0.0329404701133381,0.018797054967722,"mrna_MAPK1/mrna_CR1/mrna_NFKB1",3
"c-12","hsa04514","Cell adhesion molecules","4/43","149/8093",0.00780169029000113,0.0329404701133381,0.018797054967722,"mrna_ITGAL/mrna_SELL/mrna_CTLA4/mrna_VCAN",4
"c-12","hsa04150","mTOR signaling pathway","4/43","155/8093",0.00894329395944343,0.0369396924411794,0.0210791596755761,"mrna_MAPK1/mrna_IGF1/mrna_PIK3R1/mrna_FLCN",4
"c-12","hsa04012","ErbB signaling pathway","3/43","85/8093",0.0101976511409983,0.0412245471657379,0.0235242568314183,"mrna_MAP2K7/mrna_MAPK1/mrna_PIK3R1",3
"c-12","hsa04211","Longevity regulating pathway","3/43","89/8093",0.0115544553848074,0.0441946664709947,0.0252191171551937,"mrna_IGF1/mrna_NFKB1/mrna_PIK3R1",3
"c-12","hsa05235","PD-L1 expression and PD-1 checkpoint pathway in cancer","3/43","89/8093",0.0115544553848074,0.0441946664709947,0.0252191171551937,"mrna_MAPK1/mrna_NFKB1/mrna_PIK3R1",3
"c-12","hsa01523","Antifolate resistance","2/43","31/8093",0.0116301753871039,0.0441946664709947,0.0252191171551937,"mrna_NFKB1/mrna_TYMS",2
"c-13","hsa05213","Endometrial cancer","4/33","58/8093",8.32430543410207e-05,0.00981901769414961,0.0078675554187216,"mrna_PDPK1/mrna_POLK/mrna_TCF7/mrna_APC",4
"c-13","hsa05221","Acute myeloid leukemia","4/33","67/8093",0.000146552502897755,0.00981901769414961,0.0078675554187216,"mrna_PIM1/mrna_RPS6KB2/mrna_TCF7/mrna_CSF1R",4
"c-13","hsa05210","Colorectal cancer","4/33","86/8093",0.000384495865786812,0.0171741486718109,0.0137609046702648,"mrna_POLK/mrna_RPS6KB2/mrna_TCF7/mrna_APC",4
"c-13","hsa05145","Toxoplasmosis","4/33","112/8093",0.00104379240994669,0.0349670457332141,0.0280175857406743,"mrna_LAMA4/mrna_PDPK1/mrna_HSPA1A/mrna_LAMA2",4
"c-13","hsa05416","Viral myocarditis","3/33","60/8093",0.00180454990485324,0.0463814284278213,0.0371634383317971,"mrna_CD80/mrna_CD28/mrna_LAMA2",3
"c-13","hsa05217","Basal cell carcinoma","3/33","63/8093",0.00207678037736513,0.0463814284278213,0.0371634383317971,"mrna_POLK/mrna_TCF7/mrna_APC",3
"c-13","hsa05224","Breast cancer","4/33","147/8093",0.00283876583063309,0.0499316884855379,0.0400081086058513,"mrna_POLK/mrna_RPS6KB2/mrna_TCF7/mrna_APC",4
"c-13","hsa05226","Gastric cancer","4/33","149/8093",0.0029809963274948,0.0499316884855379,0.0400081086058513,"mrna_POLK/mrna_RPS6KB2/mrna_TCF7/mrna_APC",4
"c-14","hsa04218","Cellular senescence","7/53","156/8093",6.32900484284712e-05,0.0107593082328401,0.00766142691502547,"mrna_RRAS2/mrna_AKT2/mrna_E2F1/mrna_E2F3/mrna_ETS1/mrna_SIRT1/mrna_TGFBR2",7
"c-14","hsa05220","Chronic myeloid leukemia","5/53","76/8093",0.000129100664985082,0.010973556523732,0.00781398761751813,"mrna_RUNX1/mrna_AKT2/mrna_E2F1/mrna_E2F3/mrna_TGFBR2",5
"c-14","hsa05418","Fluid shear stress and atherosclerosis","6/53","139/8093",0.000272426579582548,0.0154375061763444,0.0109926514568396,"mrna_NCF1/mrna_AKT2/mrna_MAPK7/mrna_PDGFB/mrna_ASS1/mrna_RHOA",6
"c-14","hsa05226","Gastric cancer","6/53","149/8093",0.000396127891526354,0.01683543538987,0.0119880809277712,"mrna_GAB1/mrna_AKT2/mrna_JUP/mrna_E2F1/mrna_E2F3/mrna_TGFBR2",6
"c-14","hsa05134","Legionellosis","4/53","57/8093",0.000500957906203537,0.0170325688109203,0.0121284545712435,"mrna_HSF1/mrna_IL18/mrna_HSPA8/mrna_MYD88",4
"c-14","hsa04722","Neurotrophin signaling pathway","5/53","119/8093",0.00103214532367735,0.025127777724327,0.0178928448191802,"mrna_GAB1/mrna_AKT2/mrna_MAPK7/mrna_PSEN1/mrna_RHOA",5
"c-14","hsa05211","Renal cell carcinoma","4/53","69/8093",0.00103467320041346,0.025127777724327,0.0178928448191802,"mrna_GAB1/mrna_AKT2/mrna_PDGFB/mrna_ETS1",4
"c-14","hsa05218","Melanoma","4/53","72/8093",0.00121361581508044,0.0252375723278488,0.0179710267350007,"mrna_AKT2/mrna_E2F1/mrna_PDGFB/mrna_E2F3",4
"c-14","hsa05214","Glioma","4/53","75/8093",0.00141322295110225,0.0252375723278488,0.0179710267350007,"mrna_AKT2/mrna_E2F1/mrna_PDGFB/mrna_E2F3",4
"c-14","hsa05212","Pancreatic cancer","4/53","76/8093",0.00148456307810876,0.0252375723278488,0.0179710267350007,"mrna_AKT2/mrna_E2F1/mrna_E2F3/mrna_TGFBR2",4
"c-14","hsa05417","Lipid and atherosclerosis","6/53","215/8093",0.00265546683419609,0.0338695409692443,0.0241176297923411,"mrna_NCF1/mrna_AKT2/mrna_IL18/mrna_HSPA8/mrna_MYD88/mrna_RHOA",6
"c-14","hsa04072","Phospholipase D signaling pathway","5/53","148/8093",0.0027076168614571,0.0338695409692443,0.0241176297923411,"mrna_GAB1/mrna_RRAS2/mrna_AKT2/mrna_PDGFB/mrna_RHOA",5
"c-14","hsa04010","MAPK signaling pathway","7/53","294/8093",0.00285516254507803,0.0338695409692443,0.0241176297923411,"mrna_RRAS2/mrna_AKT2/mrna_MAPK7/mrna_PDGFB/mrna_HSPA8/mrna_MYD88/mrna_TGFBR2",7
"c-14","hsa05166","Human T-cell leukemia virus 1 infection","6/53","222/8093",0.00311498597161254,0.0338695409692443,0.0241176297923411,"mrna_BUB3/mrna_AKT2/mrna_E2F1/mrna_E2F3/mrna_ETS1/mrna_TGFBR2",6
"c-14","hsa03450","Non-homologous end-joining","2/53","13/8093",0.00313426153447863,0.0338695409692443,0.0241176297923411,"mrna_XRCC5/mrna_XRCC4",2
"c-14","hsa04350","TGF-beta signaling pathway","4/53","94/8093",0.00323577141068686,0.0338695409692443,0.0241176297923411,"mrna_SMAD7/mrna_INHBA/mrna_RHOA/mrna_TGFBR2",4
"c-14","hsa05160","Hepatitis C","5/53","157/8093",0.00349350723990659,0.0338695409692443,0.0241176297923411,"mrna_AKT2/mrna_E2F1/mrna_CLDN7/mrna_CD81/mrna_E2F3",5
"c-14","hsa05215","Prostate cancer","4/53","97/8093",0.00362383777972864,0.0338695409692443,0.0241176297923411,"mrna_AKT2/mrna_E2F1/mrna_PDGFB/mrna_E2F3",4
"c-14","hsa04014","Ras signaling pathway","6/53","232/8093",0.00387189600998188,0.0338695409692443,0.0241176297923411,"mrna_GAB1/mrna_RRAS2/mrna_AKT2/mrna_PDGFB/mrna_ETS1/mrna_RHOA",6
"c-14","hsa05161","Hepatitis B","5/53","162/8093",0.0039951198256854,0.0338695409692443,0.0241176297923411,"mrna_AKT2/mrna_E2F1/mrna_E2F3/mrna_MYD88/mrna_TGFBR2",5
"c-14","hsa05144","Malaria","3/53","50/8093",0.00418388447267135,0.0338695409692443,0.0241176297923411,"mrna_CD81/mrna_IL18/mrna_MYD88",3
"c-14","hsa05225","Hepatocellular carcinoma","5/53","168/8093",0.00466301489601994,0.0360323878328813,0.0256577374661384,"mrna_GAB1/mrna_AKT2/mrna_E2F1/mrna_E2F3/mrna_TGFBR2",5
"c-15","hsa05217","Basal cell carcinoma","5/55","63/8093",6.27406938345115e-05,0.00959136776687206,0.00733733764295598,"mrna_TCF7L2/mrna_CDKN1A/mrna_CTNNB1/mrna_SUFU/mrna_PTCH1",5
"c-15","hsa04520","Adherens junction","5/55","71/8093",0.000111527532172931,0.00959136776687206,0.00733733764295598,"mrna_TCF7L2/mrna_CTNNB1/mrna_FER/mrna_CTNND1/mrna_WAS",5
"c-15","hsa05215","Prostate cancer","5/55","97/8093",0.00048292745533725,0.027687840772669,0.0211810287428618,"mrna_ZEB1/mrna_TCF7L2/mrna_CDKN1A/mrna_CTNNB1/mrna_CCNE1",5
"c-15","hsa04670","Leukocyte transendothelial migration","5/55","114/8093",0.00100807222706607,0.0368629966387712,0.0281999668289253,"mrna_EZR/mrna_PTK2B/mrna_MSN/mrna_CTNNB1/mrna_CTNND1",5
"c-15","hsa05206","MicroRNAs in cancer","8/55","310/8093",0.00107159873949916,0.0368629966387712,0.0281999668289253,"mrna_EZR/mrna_ZEB2/mrna_ZFPM2/mrna_ZEB1/mrna_CDKN1A/mrna_IRS1/mrna_CDC25C/mrna_CCNE1",8
"c-15","hsa04115","p53 signaling pathway","4/55","73/8093",0.00146820926987027,0.0387457687024203,0.029640275935144,"mrna_CDKN1A/mrna_TSC2/mrna_TNFRSF10A/mrna_CCNE1",4
"c-15","hsa04110","Cell cycle","5/55","126/8093",0.00157686267974966,0.0387457687024203,0.029640275935144,"mrna_MAD2L2/mrna_CDKN1A/mrna_CDC25C/mrna_MCM4/mrna_CCNE1",5
"c-15","hsa05216","Thyroid cancer","3/55","37/8093",0.00195975082393356,0.0421346427145715,0.0322327438146967,"mrna_TCF7L2/mrna_CDKN1A/mrna_CTNNB1",3
"c-16","hsa04380","Osteoclast differentiation","11/65","128/8093",4.36061314926563e-09,8.45958950957533e-07,3.94750242986152e-07,"mrna_IKBKB/mrna_MAP3K7/mrna_PLCG2/mrna_NFKB2/mrna_FCGR2B/mrna_AKT3/mrna_RELB/mrna_FCGR2A/mrna_JAK1/mrna_CSF1/mrna_BTK",11
"c-16","hsa01521","EGFR tyrosine kinase inhibitor resistance","8/65","79/8093",1.85191241785454e-07,1.79635504531891e-05,8.3823404176574e-06,"mrna_SOS2/mrna_SRC/mrna_PLCG2/mrna_HGF/mrna_JAK2/mrna_AKT3/mrna_JAK1/mrna_PDGFRA",8
"c-16","hsa04110","Cell cycle","9/65","126/8093",6.18546572463186e-07,3.9999345019286e-05,1.8664914116433e-05,"mrna_BUB1/mrna_SMAD4/mrna_RBX1/mrna_PLK1/mrna_CDC20/mrna_CDC6/mrna_CCNB1/mrna_SMAD3/mrna_GADD45A",9
"c-16","hsa04068","FoxO signaling pathway","9/65","131/8093",8.60562853981425e-07,4.17372984180991e-05,1.94758961690533e-05,"mrna_SOS2/mrna_IKBKB/mrna_SMAD4/mrna_PLK1/mrna_CCNB1/mrna_SMAD3/mrna_AKT3/mrna_GADD45A/mrna_INSR",9
"c-16","hsa04520","Adherens junction","7/65","71/8093",1.37499443579702e-06,4.32874006115454e-05,2.01992211209599e-05,"mrna_CSNK2A1/mrna_SRC/mrna_MAP3K7/mrna_SMAD4/mrna_ACTN4/mrna_SMAD3/mrna_INSR",7
"c-16","hsa05223","Non-small cell lung cancer","7/65","72/8093",1.51350855297438e-06,4.32874006115454e-05,2.01992211209599e-05,"mrna_SOS2/mrna_PLCG2/mrna_HGF/mrna_RASSF5/mrna_AKT3/mrna_GADD45A/mrna_RXRB",7
"c-16","hsa04064","NF-kappa B signaling pathway","8/65","104/8093",1.56191651691143e-06,4.32874006115454e-05,2.01992211209599e-05,"mrna_CSNK2A1/mrna_IKBKB/mrna_MAP3K7/mrna_PLCG2/mrna_NFKB2/mrna_RELB/mrna_GADD45A/mrna_BTK",8
"c-16","hsa04659","Th17 cell differentiation","8/65","108/8093",2.08150650463591e-06,5.04765327374208e-05,2.35538893945642e-05,"mrna_IL12RB1/mrna_IKBKB/mrna_SMAD4/mrna_IL2RG/mrna_JAK2/mrna_SMAD3/mrna_JAK1/mrna_RXRB",8
"c-16","hsa04151","PI3K-Akt signaling pathway","13/65","354/8093",3.58284716327768e-06,7.72302610750966e-05,3.60379948586994e-05,"mrna_COL1A1/mrna_SOS2/mrna_IKBKB/mrna_IL2RG/mrna_ITGA4/mrna_HGF/mrna_JAK2/mrna_AKT3/mrna_JAK1/mrna_INSR/mrna_PDGFRA/mrna_PIK3CG/mrna_CSF1",13
"c-16","hsa05161","Hepatitis B","9/65","162/8093",5.05877802706138e-06,9.81402937249907e-05,4.57952537186609e-05,"mrna_SOS2/mrna_SRC/mrna_IKBKB/mrna_MAP3K7/mrna_SMAD4/mrna_JAK2/mrna_SMAD3/mrna_AKT3/mrna_JAK1",9
"c-16","hsa04933","AGE-RAGE signaling pathway in diabetic complications","7/65","100/8093",1.37876785024138e-05,0.000243164511769844,0.000113467976192114,"mrna_COL1A1/mrna_SMAD4/mrna_PLCG2/mrna_JAK2/mrna_SMAD3/mrna_AKT3/mrna_CYBB",7
"c-16","hsa04010","MAPK signaling pathway","11/65","294/8093",1.87478430692878e-05,0.000303090129620153,0.000141431096838487,"mrna_SOS2/mrna_IKBKB/mrna_MAP3K7/mrna_NFKB2/mrna_HGF/mrna_AKT3/mrna_RELB/mrna_GADD45A/mrna_INSR/mrna_PDGFRA/mrna_CSF1",11
"c-16","hsa05167","Kaposi sarcoma-associated herpesvirus infection","9/65","194/8093",2.17540695410372e-05,0.000314764517241884,0.000146878722098763,"mrna_SRC/mrna_IKBKB/mrna_CCR4/mrna_PLCG2/mrna_JAK2/mrna_CD86/mrna_AKT3/mrna_JAK1/mrna_PIK3CG",9
"c-16","hsa05226","Gastric cancer","8/65","149/8093",2.27232943549004e-05,0.000314764517241884,0.000146878722098763,"mrna_SOS2/mrna_SMAD4/mrna_ABCB1/mrna_HGF/mrna_SMAD3/mrna_AKT3/mrna_GADD45A/mrna_RXRB",8
"c-16","hsa04510","Focal adhesion","9/65","201/8093",2.88282678676598e-05,0.000314764517241884,0.000146878722098763,"mrna_COL1A1/mrna_SOS2/mrna_SRC/mrna_ITGA4/mrna_ILK/mrna_HGF/mrna_ACTN4/mrna_AKT3/mrna_PDGFRA",9
"c-16","hsa05212","Pancreatic cancer","6/65","76/8093",2.98965387819603e-05,0.000314764517241884,0.000146878722098763,"mrna_IKBKB/mrna_SMAD4/mrna_SMAD3/mrna_AKT3/mrna_JAK1/mrna_GADD45A",6
"c-16","hsa05220","Chronic myeloid leukemia","6/65","76/8093",2.98965387819603e-05,0.000314764517241884,0.000146878722098763,"mrna_SOS2/mrna_IKBKB/mrna_SMAD4/mrna_SMAD3/mrna_AKT3/mrna_GADD45A",6
"c-16","hsa05169","Epstein-Barr virus infection","9/65","202/8093",2.99829941799489e-05,0.000314764517241884,0.000146878722098763,"mrna_IKBKB/mrna_MAP3K7/mrna_PLCG2/mrna_NFKB2/mrna_AKT3/mrna_RELB/mrna_JAK1/mrna_GADD45A/mrna_BTK",9
"c-16","hsa05140","Leishmaniasis","6/65","77/8093",3.22206829558401e-05,0.000314764517241884,0.000146878722098763,"mrna_MAP3K7/mrna_ITGA4/mrna_JAK2/mrna_FCGR2A/mrna_JAK1/mrna_CYBB",6
"c-16","hsa04670","Leukocyte transendothelial migration","7/65","114/8093",3.2449950231122e-05,0.000314764517241884,0.000146878722098763,"mrna_PLCG2/mrna_ITGA4/mrna_THY1/mrna_ACTN4/mrna_RASSF5/mrna_CDH5/mrna_CYBB",7
"c-16","hsa04662","B cell receptor signaling pathway","6/65","82/8093",4.61203091768375e-05,0.000426063808586023,0.000198814365373836,"mrna_SOS2/mrna_IKBKB/mrna_PLCG2/mrna_FCGR2B/mrna_AKT3/mrna_BTK",6
"c-16","hsa04611","Platelet activation","7/65","124/8093",5.57419652320132e-05,0.000491542784318662,0.000229368852150868,"mrna_COL1A1/mrna_SRC/mrna_PLCG2/mrna_AKT3/mrna_FCGR2A/mrna_PIK3CG/mrna_BTK",7
"c-16","hsa05166","Human T-cell leukemia virus 1 infection","9/65","222/8093",6.28470349379822e-05,0.00053010107730298,0.00024736132744469,"mrna_IKBKB/mrna_SMAD4/mrna_IL2RG/mrna_CDC20/mrna_NFKB2/mrna_SMAD3/mrna_AKT3/mrna_RELB/mrna_JAK1",9
"c-16","hsa04014","Ras signaling pathway","9/65","232/8093",8.83519340979616e-05,0.000714178133958523,0.000333257295281785,"mrna_SOS2/mrna_IKBKB/mrna_PLCG2/mrna_HGF/mrna_RASSF5/mrna_AKT3/mrna_INSR/mrna_PDGFRA/mrna_CSF1",9
"c-16","hsa05162","Measles","7/65","139/8093",0.000114955114754698,0.000892051690496458,0.00041625852079596,"mrna_CSNK2A1/mrna_IKBKB/mrna_MAP3K7/mrna_IL2RG/mrna_FCGR2B/mrna_AKT3/mrna_JAK1",7
"c-16","hsa04062","Chemokine signaling pathway","8/65","192/8093",0.000137528131826623,0.00102617144516788,0.000478842888141279,"mrna_SOS2/mrna_SRC/mrna_IKBKB/mrna_CCR4/mrna_PLCG2/mrna_JAK2/mrna_AKT3/mrna_PIK3CG",8
"c-16","hsa04625","C-type lectin receptor signaling pathway","6/65","104/8093",0.000174160730073023,0.00125137709756172,0.000583930712915398,"mrna_SRC/mrna_IKBKB/mrna_PLCG2/mrna_NFKB2/mrna_AKT3/mrna_RELB",6
"c-16","hsa04664","Fc epsilon RI signaling pathway","5/65","68/8093",0.000201803249639,0.00139820822964164,0.000652446596577217,"mrna_ALOX5AP/mrna_SOS2/mrna_PLCG2/mrna_AKT3/mrna_BTK",5
"c-16","hsa04920","Adipocytokine signaling pathway","5/65","69/8093",0.00021623101353784,0.00144651091814969,0.000674986103965671,"mrna_IKBKB/mrna_CD36/mrna_JAK2/mrna_AKT3/mrna_RXRB",5
"c-16","hsa05145","Toxoplasmosis","6/65","112/8093",0.000261198755329906,0.00168908528446673,0.000788178700293753,"mrna_IKBKB/mrna_MAP3K7/mrna_JAK2/mrna_AKT3/mrna_JAK1/mrna_PIK3CG",6
"c-16","hsa04630","JAK-STAT signaling pathway","7/65","162/8093",0.000296994543449239,0.00181148247472613,0.000845292961619357,"mrna_SOS2/mrna_IL12RB1/mrna_IL2RG/mrna_JAK2/mrna_AKT3/mrna_JAK1/mrna_PDGFRA",7
"c-16","hsa05417","Lipid and atherosclerosis","8/65","215/8093",0.000298801232944517,0.00181148247472613,0.000845292961619357,"mrna_SRC/mrna_IKBKB/mrna_MAP3K7/mrna_CD36/mrna_JAK2/mrna_AKT3/mrna_RXRB/mrna_CYBB",8
"c-16","hsa05214","Glioma","5/65","75/8093",0.000320010383690211,0.00188127316472427,0.00087785942575305,"mrna_SOS2/mrna_PLCG2/mrna_AKT3/mrna_GADD45A/mrna_PDGFRA",5
"c-16","hsa05225","Hepatocellular carcinoma","7/65","168/8093",0.000370659051282989,0.00211493693967353,0.000986894068431488,"mrna_SOS2/mrna_SMAD4/mrna_PLCG2/mrna_HGF/mrna_SMAD3/mrna_AKT3/mrna_GADD45A",7
"c-16","hsa05152","Tuberculosis","7/65","180/8093",0.000561871170911077,0.00311437163304997,0.00145326077288278,"mrna_SRC/mrna_JAK2/mrna_FCGR2B/mrna_AKT3/mrna_FCGR2A/mrna_JAK1/mrna_MRC2",7
"c-16","hsa05210","Colorectal cancer","5/65","86/8093",0.000603402587434394,0.00325166949895202,0.00151732814384088,"mrna_SOS2/mrna_SMAD4/mrna_SMAD3/mrna_AKT3/mrna_GADD45A",5
"c-16","hsa05235","PD-L1 expression and PD-1 checkpoint pathway in cancer","5/65","89/8093",0.000705999776743607,0.00370172855914216,0.00172733942531864,"mrna_CSNK2A1/mrna_IKBKB/mrna_JAK2/mrna_AKT3/mrna_JAK1",5
"c-16","hsa05131","Shigellosis","8/65","247/8093",0.00075370022834362,0.00381807661504653,0.00178163097609334,"mrna_SRC/mrna_IKBKB/mrna_MAP3K7/mrna_PLCG2/mrna_RBX1/mrna_ILK/mrna_ACTN4/mrna_AKT3",8
"c-16","hsa05135","Yersinia infection","6/65","137/8093",0.000767551484468118,0.00381807661504653,0.00178163097609334,"mrna_SRC/mrna_IKBKB/mrna_MAP3K7/mrna_ITGA4/mrna_AKT3/mrna_FCGR2A",6
"c-16","hsa04658","Th1 and Th2 cell differentiation","5/65","92/8093",0.000821142908507386,0.00391896965919767,0.00182871074710255,"mrna_IL12RB1/mrna_IKBKB/mrna_IL2RG/mrna_JAK2/mrna_JAK1",5
"c-16","hsa05418","Fluid shear stress and atherosclerosis","6/65","139/8093",0.000828235855809818,0.00391896965919767,0.00182871074710255,"mrna_SRC/mrna_IKBKB/mrna_MAP3K7/mrna_BMPR2/mrna_AKT3/mrna_CDH5",6
"c-16","hsa04550","Signaling pathways regulating pluripotency of stem cells","6/65","143/8093",0.00096069530050045,0.00443749734040684,0.0020706715750135,"mrna_SMAD4/mrna_BMPR2/mrna_JAK2/mrna_SMAD3/mrna_AKT3/mrna_JAK1",6
"c-16","hsa04666","Fc gamma R-mediated phagocytosis","5/65","97/8093",0.00104349144737975,0.00470784513469003,0.00219682409974684,"mrna_PLCG2/mrna_FCGR2B/mrna_AKT3/mrna_FCGR2A/mrna_PTPRC",5
"c-16","hsa04072","Phospholipase D signaling pathway","6/65","148/8093",0.00114860241434716,0.00500754741433914,0.00233667432248056,"mrna_SOS2/mrna_PLCG2/mrna_AKT3/mrna_INSR/mrna_PDGFRA/mrna_PIK3CG",6
"c-16","hsa05213","Endometrial cancer","4/65","58/8093",0.00116154450332609,0.00500754741433914,0.00233667432248056,"mrna_SOS2/mrna_ILK/mrna_AKT3/mrna_GADD45A",4
"c-16","hsa04015","Rap1 signaling pathway","7/65","210/8093",0.00139226899372526,0.00587174314745001,0.00273993440412751,"mrna_SRC/mrna_HGF/mrna_RASSF5/mrna_AKT3/mrna_INSR/mrna_PDGFRA/mrna_CSF1",7
"c-16","hsa04660","T cell receptor signaling pathway","5/65","104/8093",0.00142628778331484,0.00588723042474637,0.00274716123997931,"mrna_SOS2/mrna_IKBKB/mrna_MAP3K7/mrna_AKT3/mrna_PTPRC",5
"c-16","hsa04218","Cellular senescence","6/65","156/8093",0.00150657196358648,0.00608906168616203,0.00284134186114994,"mrna_FOXM1/mrna_RASSF5/mrna_CCNB1/mrna_SMAD3/mrna_AKT3/mrna_GADD45A",6
"c-16","hsa04066","HIF-1 signaling pathway","5/65","109/8093",0.00175710610797707,0.00695670581525617,0.00324621106951726,"mrna_PLCG2/mrna_RBX1/mrna_AKT3/mrna_INSR/mrna_CYBB",5
"c-16","hsa05221","Acute myeloid leukemia","4/65","67/8093",0.00198823033219551,0.00771433368891856,0.00359974333829081,"mrna_SOS2/mrna_PER2/mrna_IKBKB/mrna_AKT3",4
"c-16","hsa04310","Wnt signaling pathway","6/65","166/8093",0.00206724305513086,0.00786363044500758,0.00366940975730142,"mrna_CSNK2A1/mrna_MAP3K7/mrna_INVS/mrna_SMAD4/mrna_RBX1/mrna_SMAD3",6
"c-16","hsa05211","Renal cell carcinoma","4/65","69/8093",0.00221579901016713,0.00826663476870045,0.00385746386385371,"mrna_SOS2/mrna_RBX1/mrna_HGF/mrna_AKT3",4
"c-16","hsa04917","Prolactin signaling pathway","4/65","70/8093",0.00233606367040731,0.0085508745671513,0.00399009882135112,"mrna_SOS2/mrna_SRC/mrna_JAK2/mrna_AKT3",4
"c-16","hsa05171","Coronavirus disease - COVID-19","7/65","232/8093",0.00245895676168351,0.00883402984752964,0.00412222770964487,"mrna_IKBKB/mrna_MAP3K7/mrna_PLCG2/mrna_FCGR2A/mrna_JAK1/mrna_F13A1/mrna_CYBB",7
"c-16","hsa05218","Melanoma","4/65","72/8093",0.0025899634978408,0.00913550761056574,0.00426290642706812,"mrna_HGF/mrna_AKT3/mrna_GADD45A/mrna_PDGFRA",4
"c-16","hsa05340","Primary immunodeficiency","3/65","38/8093",0.00341366697777105,0.0118259177444211,0.00551833383624644,"mrna_IL2RG/mrna_PTPRC/mrna_BTK",3
"c-16","hsa04926","Relaxin signaling pathway","5/65","129/8093",0.00366133854303748,0.0124613978482328,0.00581486823086285,"mrna_COL1A1/mrna_SOS2/mrna_SRC/mrna_EDNRB/mrna_AKT3",5
"c-16","hsa04114","Oocyte meiosis","5/65","131/8093",0.00391065254546288,0.0130804585141344,0.00610374081506003,"mrna_BUB1/mrna_RBX1/mrna_PLK1/mrna_CDC20/mrna_CCNB1",5
"c-16","hsa04613","Neutrophil extracellular trap formation","6/65","190/8093",0.0040496598146927,0.0133158305771251,0.00621357259703072,"mrna_SRC/mrna_MAP3K7/mrna_PLCG2/mrna_AKT3/mrna_FCGR2A/mrna_CYBB",6
"c-16","hsa04012","ErbB signaling pathway","4/65","85/8093",0.00471633576499285,0.0152494856401435,0.00711587501384886,"mrna_SOS2/mrna_SRC/mrna_PLCG2/mrna_AKT3",4
"c-16","hsa04512","ECM-receptor interaction","4/65","88/8093",0.00533530425423707,0.0169680168085572,0.00791779406150799,"mrna_COL1A1/mrna_ITGA4/mrna_CD36/mrna_HMMR",4
"c-16","hsa05415","Diabetic cardiomyopathy","6/65","203/8093",0.00558464432336997,0.0174745322376415,0.00815414960627874,"mrna_COL1A1/mrna_CD36/mrna_SMAD3/mrna_AKT3/mrna_INSR/mrna_CYBB",6
"c-16","hsa05203","Viral carcinogenesis","6/65","204/8093",0.00571821730103395,0.0176084786730252,0.00821665309755923,"mrna_SRC/mrna_CCR4/mrna_CDC20/mrna_NFKB2/mrna_ACTN4/mrna_JAK1",6
"c-16","hsa05205","Proteoglycans in cancer","6/65","205/8093",0.00585412232283596,0.0177453082910965,0.00828050196980087,"mrna_COL1A1/mrna_SOS2/mrna_SRC/mrna_PLCG2/mrna_HGF/mrna_AKT3",6
"c-16","hsa05222","Small cell lung cancer","4/65","92/8093",0.00624226736078314,0.0186307671998758,0.0086936840976089,"mrna_IKBKB/mrna_AKT3/mrna_GADD45A/mrna_RXRB",4
"c-16","hsa04514","Cell adhesion molecules","5/65","149/8093",0.00673054898011217,0.0193233528453356,0.00901686567932102,"mrna_ICOSLG/mrna_ITGA4/mrna_CD86/mrna_CDH5/mrna_PTPRC",5
"c-16","hsa04350","TGF-beta signaling pathway","4/65","94/8093",0.00673199883273369,0.0193233528453356,0.00901686567932102,"mrna_SMAD4/mrna_RBX1/mrna_BMPR2/mrna_SMAD3",4
"c-16","hsa05170","Human immunodeficiency virus 1 infection","6/65","212/8093",0.00687273889859875,0.0193233528453356,0.00901686567932102,"mrna_IKBKB/mrna_MAP3K7/mrna_PLCG2/mrna_RBX1/mrna_CCNB1/mrna_AKT3",6
"c-16","hsa05207","Chemical carcinogenesis - receptor activation","6/65","212/8093",0.00687273889859875,0.0193233528453356,0.00901686567932102,"mrna_SOS2/mrna_SRC/mrna_CDC6/mrna_JAK2/mrna_AKT3/mrna_RXRB",6
"c-16","hsa04672","Intestinal immune network for IgA production","3/65","49/8093",0.0070026389963739,0.0194073137899505,0.00905604441636325,"mrna_ICOSLG/mrna_ITGA4/mrna_CD86",3
"c-16","hsa04145","Phagosome","5/65","152/8093",0.00731065500226387,0.0199755925413971,0.00932122061074415,"mrna_CD36/mrna_FCGR2B/mrna_FCGR2A/mrna_MRC2/mrna_CYBB",5
"c-16","hsa05215","Prostate cancer","4/65","97/8093",0.00751341361646181,0.0202444755776888,0.00944668963473268,"mrna_SOS2/mrna_IKBKB/mrna_AKT3/mrna_PDGFRA",4
"c-16","hsa04914","Progesterone-mediated oocyte maturation","4/65","102/8093",0.00894488119555431,0.0237713281087334,0.0110924265727134,"mrna_BUB1/mrna_PLK1/mrna_CCNB1/mrna_AKT3",4
"c-16","hsa05163","Human cytomegalovirus infection","6/65","225/8093",0.00909822350087581,0.023852099448242,0.0111301169427499,"mrna_SOS2/mrna_SRC/mrna_IKBKB/mrna_AKT3/mrna_JAK1/mrna_PDGFRA",6
"c-16","hsa04620","Toll-like receptor signaling pathway","4/65","104/8093",0.00956408729573647,0.0247391058049717,0.0115440211569591,"mrna_IKBKB/mrna_MAP3K7/mrna_CD86/mrna_AKT3",4
"c-16","hsa04931","Insulin resistance","4/65","108/8093",0.0108849770577054,0.0277853361736165,0.0129654851379871,"mrna_IKBKB/mrna_CD36/mrna_AKT3/mrna_INSR",4
"c-16","hsa05010","Alzheimer disease","8/65","384/8093",0.011288005017373,0.0284399087450696,0.0132709286602061,"mrna_CSNK2A1/mrna_IKBKB/mrna_APP/mrna_SNCA/mrna_AKT3/mrna_INSR/mrna_CSF1/mrna_CYBB",8
"c-16","hsa04370","VEGF signaling pathway","3/65","59/8093",0.011674318033599,0.0290361243399769,0.0135491410376452,"mrna_SRC/mrna_PLCG2/mrna_AKT3",3
"c-16","hsa04668","TNF signaling pathway","4/65","112/8093",0.0123187538622172,0.0302511170793689,0.0141160936995427,"mrna_IKBKB/mrna_MAP3K7/mrna_AKT3/mrna_CSF1",4
"c-16","hsa04722","Neurotrophin signaling pathway","4/65","119/8093",0.0151092504510244,0.0354391388087301,0.0165369828407531,"mrna_SOS2/mrna_IKBKB/mrna_PLCG2/mrna_AKT3",4
"c-16","hsa04935","Growth hormone synthesis, secretion and action","4/65","119/8093",0.0151092504510244,0.0354391388087301,0.0165369828407531,"mrna_SOS2/mrna_PLCG2/mrna_JAK2/mrna_AKT3",4
"c-16","hsa04360","Axon guidance","5/65","182/8093",0.0151488532441701,0.0354391388087301,0.0165369828407531,"mrna_SLIT2/mrna_SRC/mrna_PLCG2/mrna_BMPR2/mrna_ILK",5
"c-16","hsa05321","Inflammatory bowel disease","3/65","65/8093",0.0151621057789928,0.0354391388087301,0.0165369828407531,"mrna_IL12RB1/mrna_IL2RG/mrna_SMAD3",3
"c-16","hsa04152","AMPK signaling pathway","4/65","120/8093",0.015537876899361,0.0358850966485242,0.0167450803677324,"mrna_MAP3K7/mrna_CD36/mrna_AKT3/mrna_INSR",4
"c-16","hsa04621","NOD-like receptor signaling pathway","5/65","184/8093",0.0158156089348425,0.0360346661140961,0.0168148740413037,"mrna_IKBKB/mrna_MAP3K7/mrna_P2RX7/mrna_JAK1/mrna_CYBB",5
"c-16","hsa04919","Thyroid hormone signaling pathway","4/65","121/8093",0.0159741303392385,0.0360346661140961,0.0168148740413037,"mrna_SRC/mrna_PLCG2/mrna_AKT3/mrna_RXRB",4
"c-16","hsa05120","Epithelial cell signaling in Helicobacter pylori infection","3/65","70/8093",0.0184719100204946,0.0411902361376546,0.0192206202270119,"mrna_SRC/mrna_IKBKB/mrna_PLCG2",3
"c-17","hsa04064","NF-kappa B signaling pathway","5/42","104/8093",0.000185515795655004,0.0311666536700406,0.0261674911766005,"mrna_TNFSF13B/mrna_TLR4/mrna_ATM/mrna_BIRC3/mrna_BTK",5
"c-18","hsa04110","Cell cycle","6/40","126/8093",3.14461417152923e-05,0.0057231977921832,0.00519688868347463,"mrna_MCM2/mrna_TTK/mrna_SKP2/mrna_TGFB1/mrna_TP53/mrna_RBL1",6
"c-18","hsa04060","Cytokine-cytokine receptor interaction","7/40","295/8093",0.000527165804488635,0.0479720882084658,0.0435605427919556,"mrna_TGFB1/mrna_TNFSF13/mrna_TNFSF4/mrna_CSF2RA/mrna_CCL22/mrna_TNFSF10/mrna_CD27",7
"c-19","hsa05224","Breast cancer","9/40","147/8093",2.85037371983132e-08,2.83867386627234e-06,1.33366182239378e-06,"mrna_FOS/mrna_MTOR/mrna_LRP5/mrna_PIK3CB/mrna_WNT7B/mrna_ESR2/mrna_RB1/mrna_DDB2/mrna_SOS1",9
"c-19","hsa05226","Gastric cancer","9/40","149/8093",3.20754109183315e-08,2.83867386627234e-06,1.33366182239378e-06,"mrna_CDKN1B/mrna_MTOR/mrna_LRP5/mrna_PIK3CB/mrna_WNT7B/mrna_RB1/mrna_DDB2/mrna_SMAD2/mrna_SOS1",9
"c-19","hsa05225","Hepatocellular carcinoma","9/40","168/8093",9.09364070743712e-08,5.3652480173879e-06,2.52069338907906e-06,"mrna_MTOR/mrna_LRP5/mrna_PIK3CB/mrna_WNT7B/mrna_RB1/mrna_DDB2/mrna_ARID1A/mrna_SMAD2/mrna_SOS1",9
"c-19","hsa05210","Colorectal cancer","7/40","86/8093",1.67713166788576e-07,7.42130763039447e-06,3.4866684674467e-06,"mrna_FOS/mrna_MTOR/mrna_PIK3CB/mrna_DDB2/mrna_CASP3/mrna_SMAD2/mrna_SOS1",7
"c-19","hsa01522","Endocrine resistance","7/40","98/8093",4.13590552603811e-07,1.46411055621749e-05,6.87866392751602e-06,"mrna_CDKN1B/mrna_FOS/mrna_MTOR/mrna_PIK3CB/mrna_ESR2/mrna_RB1/mrna_SOS1",7
"c-19","hsa05220","Chronic myeloid leukemia","6/40","76/8093",1.67280893289198e-06,4.93478635203134e-05,2.31845448593801e-05,"mrna_CDKN1B/mrna_PTPN11/mrna_PIK3CB/mrna_RB1/mrna_DDB2/mrna_SOS1",6
"c-19","hsa05205","Proteoglycans in cancer","8/40","205/8093",5.66359165788367e-06,0.000143207960492201,6.72817655598211e-05,"mrna_IQGAP1/mrna_MTOR/mrna_PTPN11/mrna_PIK3CB/mrna_WNT7B/mrna_CASP3/mrna_SMAD2/mrna_SOS1",8
"c-19","hsa04620","Toll-like receptor signaling pathway","6/40","104/8093",1.049164221905e-05,0.000232127584096482,0.000109057859908546,"mrna_FOS/mrna_TAB1/mrna_CTSK/mrna_IL1B/mrna_PIK3CB/mrna_CXCL10",6
"c-19","hsa05161","Hepatitis B","7/40","162/8093",1.20969323101693e-05,0.000237906335433329,0.000111772824854196,"mrna_FOS/mrna_TAB1/mrna_PIK3CB/mrna_RB1/mrna_DDB2/mrna_CASP3/mrna_SOS1",7
"c-19","hsa04668","TNF signaling pathway","6/40","112/8093",1.60695511022361e-05,0.000284431054509579,0.000133631003902805,"mrna_FOS/mrna_TAB1/mrna_IL1B/mrna_PIK3CB/mrna_CASP3/mrna_CXCL10",6
"c-19","hsa05214","Glioma","5/40","75/8093",3.05210319099133e-05,0.000468079131479781,0.000219912288949763,"mrna_MTOR/mrna_PIK3CB/mrna_RB1/mrna_DDB2/mrna_SOS1",5
"c-19","hsa05212","Pancreatic cancer","5/40","76/8093",3.25525969082951e-05,0.000468079131479781,0.000219912288949763,"mrna_MTOR/mrna_PIK3CB/mrna_RB1/mrna_DDB2/mrna_SMAD2",5
"c-19","hsa04380","Osteoclast differentiation","6/40","128/8093",3.43786932725263e-05,0.000468079131479781,0.000219912288949763,"mrna_TNFRSF11B/mrna_FOS/mrna_TAB1/mrna_CTSK/mrna_IL1B/mrna_PIK3CB",6
"c-19","hsa05169","Epstein-Barr virus infection","7/40","202/8093",5.0382395914302e-05,0.00063697743405939,0.000299263855430816,"mrna_CDKN1B/mrna_TAB1/mrna_PIK3CB/mrna_RB1/mrna_DDB2/mrna_CASP3/mrna_CXCL10",7
"c-19","hsa05207","Chemical carcinogenesis - receptor activation","7/40","212/8093",6.84951651449593e-05,0.00080824294871052,0.000379727582207143,"mrna_FOS/mrna_MTOR/mrna_PIK3CB/mrna_CDC25A/mrna_ESR2/mrna_RB1/mrna_SOS1",7
"c-19","hsa05222","Small cell lung cancer","5/40","92/8093",8.17840035783664e-05,0.000904735539585678,0.000425061597545457,"mrna_CDKN1B/mrna_PIK3CB/mrna_RB1/mrna_DDB2/mrna_CASP3",5
"c-19","hsa04150","mTOR signaling pathway","6/40","155/8093",0.000100376556127167,0.000980568426338191,0.000460689299320352,"mrna_MTOR/mrna_LRP5/mrna_PIK3CB/mrna_WNT7B/mrna_AKT1S1/mrna_SOS1",6
"c-19","hsa04218","Cellular senescence","6/40","156/8093",0.00010401390024496,0.000980568426338191,0.000460689299320352,"mrna_E2F4/mrna_MTOR/mrna_PIK3CB/mrna_CDC25A/mrna_RB1/mrna_SMAD2",6
"c-19","hsa05215","Prostate cancer","5/40","97/8093",0.000105258757629523,0.000980568426338191,0.000460689299320352,"mrna_CDKN1B/mrna_MTOR/mrna_PIK3CB/mrna_RB1/mrna_SOS1",5
"c-19","hsa04933","AGE-RAGE signaling pathway in diabetic complications","5/40","100/8093",0.00012164083613303,0.00107490848034897,0.000505012012771742,"mrna_CDKN1B/mrna_IL1B/mrna_PIK3CB/mrna_CASP3/mrna_SMAD2",5
"c-19","hsa04630","JAK-STAT signaling pathway","6/40","162/8093",0.000128106436002092,0.00107490848034897,0.000505012012771742,"mrna_MTOR/mrna_PTPN11/mrna_PIK3CB/mrna_EPOR/mrna_LEPR/mrna_SOS1",6
"c-19","hsa05142","Chagas disease","5/40","102/8093",0.000133604443885182,0.00107490848034897,0.000505012012771742,"mrna_FOS/mrna_IL1B/mrna_PIK3CB/mrna_C3/mrna_SMAD2",5
"c-19","hsa05167","Kaposi sarcoma-associated herpesvirus infection","6/40","194/8093",0.000341717034617842,0.00243252806554136,0.00114284696507741,"mrna_FOS/mrna_MTOR/mrna_PIK3CB/mrna_RB1/mrna_C3/mrna_CASP3",6
"c-19","hsa05211","Renal cell carcinoma","4/40","69/8093",0.000350940294640785,0.00243252806554136,0.00114284696507741,"mrna_TFE3/mrna_PTPN11/mrna_PIK3CB/mrna_SOS1",4
"c-19","hsa04110","Cell cycle","5/40","126/8093",0.000359223815397923,0.00243252806554136,0.00114284696507741,"mrna_CDKN1B/mrna_E2F4/mrna_CDC25A/mrna_RB1/mrna_SMAD2",5
"c-19","hsa04917","Prolactin signaling pathway","4/40","70/8093",0.000370888632282142,0.00243252806554136,0.00114284696507741,"mrna_FOS/mrna_PIK3CB/mrna_ESR2/mrna_SOS1",4
"c-19","hsa05130","Pathogenic Escherichia coli infection","6/40","197/8093",0.000371063603218173,0.00243252806554136,0.00114284696507741,"mrna_F2R/mrna_FOS/mrna_TAB1/mrna_PTPN11/mrna_IL1B/mrna_CASP3",6
"c-19","hsa05223","Non-small cell lung cancer","4/40","72/8093",0.000413202826002211,0.0026120321500854,0.00122718132534491,"mrna_PIK3CB/mrna_RB1/mrna_DDB2/mrna_SOS1",4
"c-19","hsa05133","Pertussis","4/40","76/8093",0.000508020319940062,0.00310067574584107,0.00145675518240526,"mrna_FOS/mrna_IL1B/mrna_C3/mrna_CASP3",4
"c-19","hsa05140","Leishmaniasis","4/40","77/8093",0.00053395635584675,0.00312121858200294,0.00146640658922529,"mrna_FOS/mrna_TAB1/mrna_IL1B/mrna_C3",4
"c-19","hsa05170","Human immunodeficiency virus 1 infection","6/40","212/8093",0.000548798716914715,0.00312121858200294,0.00146640658922529,"mrna_FOS/mrna_TAB1/mrna_MTOR/mrna_PIK3CB/mrna_CUL5/mrna_CASP3",6
"c-19","hsa05162","Measles","5/40","139/8093",0.00056428810522087,0.00312121858200294,0.00146640658922529,"mrna_CDKN1B/mrna_FOS/mrna_IL1B/mrna_PIK3CB/mrna_CASP3",5
"c-19","hsa05206","MicroRNAs in cancer","7/40","310/8093",0.000708966670811161,0.00379940150692113,0.00178502955127427,"mrna_CDKN1B/mrna_ST14/mrna_MTOR/mrna_PIK3CB/mrna_CDC25A/mrna_CASP3/mrna_SOS1",7
"c-19","hsa04072","Phospholipase D signaling pathway","5/40","148/8093",0.000750872327917976,0.00379940150692113,0.00178502955127427,"mrna_F2R/mrna_MTOR/mrna_PTPN11/mrna_PIK3CB/mrna_SOS1",5
"c-19","hsa05163","Human cytomegalovirus infection","6/40","225/8093",0.000751294083289489,0.00379940150692113,0.00178502955127427,"mrna_MTOR/mrna_IL1B/mrna_PIK3CB/mrna_RB1/mrna_CASP3/mrna_SOS1",6
"c-19","hsa04012","ErbB signaling pathway","4/40","85/8093",0.000776526740880673,0.00381792314266331,0.00179373136051384,"mrna_CDKN1B/mrna_MTOR/mrna_PIK3CB/mrna_SOS1",4
"c-19","hsa05235","PD-L1 expression and PD-1 checkpoint pathway in cancer","4/40","89/8093",0.000923182951462323,0.00431007204635634,0.00202495207649212,"mrna_FOS/mrna_MTOR/mrna_PTPN11/mrna_PIK3CB",4
"c-19","hsa04932","Non-alcoholic fatty liver disease","5/40","155/8093",0.000925326202042603,0.00431007204635634,0.00202495207649212,"mrna_FOS/mrna_IL1B/mrna_PIK3CB/mrna_CASP3/mrna_LEPR",5
"c-19","hsa05160","Hepatitis C","5/40","157/8093",0.000980310341545089,0.00444910078085848,0.00209027036388831,"mrna_PIK3CB/mrna_RB1/mrna_CASP3/mrna_SOS1/mrna_CXCL10",5
"c-19","hsa05165","Human papillomavirus infection","7/40","331/8093",0.00104399259013116,0.00461966721133036,0.00217040564790425,"mrna_CDKN1B/mrna_MTOR/mrna_PIK3CB/mrna_WNT7B/mrna_RB1/mrna_CASP3/mrna_SOS1",7
"c-19","hsa04657","IL-17 signaling pathway","4/40","94/8093",0.00113273537385893,0.00489010149202514,0.00229746070692825,"mrna_FOS/mrna_IL1B/mrna_CASP3/mrna_CXCL10",4
"c-19","hsa05131","Shigellosis","6/40","247/8093",0.00122133261594456,0.00514704459576636,0.00241817735989023,"mrna_TAB1/mrna_MTOR/mrna_IL1B/mrna_PIK3CB/mrna_AKT1S1/mrna_C3",6
"c-19","hsa05231","Choline metabolism in cancer","4/40","98/8093",0.00132286539531942,0.00544528313887296,0.0025582953789531,"mrna_FOS/mrna_MTOR/mrna_PIK3CB/mrna_SOS1",4
"c-19","hsa04659","Th17 cell differentiation","4/40","108/8093",0.00189417006738128,0.00761972958923834,0.00357989079720386,"mrna_FOS/mrna_MTOR/mrna_IL1B/mrna_SMAD2",4
"c-19","hsa04935","Growth hormone synthesis, secretion and action","4/40","119/8093",0.00269931312315308,0.0104697868371558,0.00491890074418856,"mrna_FOS/mrna_MTOR/mrna_PIK3CB/mrna_SOS1",4
"c-19","hsa05134","Legionellosis","3/40","57/8093",0.00272096155089924,0.0104697868371558,0.00491890074418856,"mrna_IL1B/mrna_C3/mrna_CASP3",3
"c-19","hsa04152","AMPK signaling pathway","4/40","120/8093",0.00278251501942063,0.0104788331582437,0.00492315087422688,"mrna_MTOR/mrna_PIK3CB/mrna_AKT1S1/mrna_LEPR",4
"c-19","hsa05213","Endometrial cancer","3/40","58/8093",0.00285960849328497,0.0105448063189883,0.00495414629319106,"mrna_PIK3CB/mrna_DDB2/mrna_SOS1",3
"c-19","hsa05203","Viral carcinogenesis","5/40","204/8093",0.00311070550948723,0.0112366301056988,0.00527917798602559,"mrna_CDKN1B/mrna_PIK3CB/mrna_RB1/mrna_C3/mrna_CASP3",5
"c-19","hsa04213","Longevity regulating pathway - multiple species","3/40","62/8093",0.00345753139695129,0.0122396611452076,0.00575042063914003,"mrna_MTOR/mrna_PIK3CB/mrna_AKT1S1",3
"c-19","hsa04926","Relaxin signaling pathway","4/40","129/8093",0.00361217715086835,0.0125363795236019,0.00588982445652424,"mrna_FOS/mrna_PIK3CB/mrna_SMAD2/mrna_SOS1",4
"c-19","hsa04929","GnRH secretion","3/40","64/8093",0.00378308161960875,0.0127476760233455,0.00598909548524704,"mrna_PIK3CB/mrna_GNRH1/mrna_ESR2",3
"c-19","hsa04650","Natural killer cell mediated cytotoxicity","4/40","131/8093",0.00381710073015429,0.0127476760233455,0.00598909548524704,"mrna_PTPN11/mrna_PIK3CB/mrna_CASP3/mrna_SOS1",4
"c-19","hsa05417","Lipid and atherosclerosis","5/40","215/8093",0.00389745165020731,0.0127749804090129,0.0060019235938865,"mrna_FOS/mrna_TAB1/mrna_IL1B/mrna_PIK3CB/mrna_CASP3",5
"c-19","hsa05221","Acute myeloid leukemia","3/40","67/8093",0.00430553827941418,0.0137925962066853,0.00648001843787179,"mrna_MTOR/mrna_PIK3CB/mrna_SOS1",3
"c-19","hsa04210","Apoptosis","4/40","136/8093",0.00436375925183265,0.0137925962066853,0.00648001843787179,"mrna_FOS/mrna_CTSK/mrna_PIK3CB/mrna_CASP3",4
"c-19","hsa05135","Yersinia infection","4/40","137/8093",0.00447911804332451,0.0139088402397972,0.00653463204843281,"mrna_FOS/mrna_TAB1/mrna_IL1B/mrna_PIK3CB",4
"c-19","hsa04915","Estrogen signaling pathway","4/40","138/8093",0.0045965258226034,0.0140273288034621,0.00659030018122811,"mrna_FOS/mrna_PIK3CB/mrna_ESR2/mrna_SOS1",4
"c-19","hsa04920","Adipocytokine signaling pathway","3/40","69/8093",0.00467703384151249,0.0140311015245375,0.006592072675816,"mrna_MTOR/mrna_PTPN11/mrna_LEPR",3
"c-19","hsa05218","Melanoma","3/40","72/8093",0.00526977141084447,0.0155458256619912,0.00730371827117041,"mrna_PIK3CB/mrna_RB1/mrna_DDB2",3
"c-19","hsa05171","Coronavirus disease - COVID-19","5/40","232/8093",0.00538167786928669,0.0156156882436679,0.00733654101248747,"mrna_FOS/mrna_IL1B/mrna_PIK3CB/mrna_C3/mrna_CXCL10",5
"c-19","hsa01524","Platinum drug resistance","3/40","73/8093",0.00547694994352502,0.0156358087097408,0.00734599398197753,"mrna_POLH/mrna_PIK3CB/mrna_CASP3",3
"c-19","hsa01521","EGFR tyrosine kinase inhibitor resistance","3/40","79/8093",0.00682299802563184,0.0191693754053466,0.00900612939055832,"mrna_MTOR/mrna_PIK3CB/mrna_SOS1",3
"c-19","hsa05132","Salmonella infection","5/40","249/8093",0.00723052076274181,0.0199074789461667,0.0093529041733403,"mrna_FOS/mrna_TAB1/mrna_IL1B/mrna_PIK3CB/mrna_CASP3",5
"c-19","hsa04151","PI3K-Akt signaling pathway","6/40","354/8093",0.00731065611017422,0.0199074789461667,0.0093529041733403,"mrna_F2R/mrna_CDKN1B/mrna_MTOR/mrna_PIK3CB/mrna_EPOR/mrna_SOS1",6
"c-19","hsa04662","B cell receptor signaling pathway","3/40","82/8093",0.00756351396640882,0.0202839692735509,0.00952978633726151,"mrna_FOS/mrna_PIK3CB/mrna_SOS1",3
"c-19","hsa04211","Longevity regulating pathway","3/40","89/8093",0.00947114535295599,0.0250207869772121,0.011755231467141,"mrna_MTOR/mrna_PIK3CB/mrna_AKT1S1",3
"c-19","hsa05164","Influenza A","4/40","172/8093",0.00992255286676425,0.0255834743912034,0.0120195924882847,"mrna_IL1B/mrna_PIK3CB/mrna_CASP3/mrna_CXCL10",4
"c-19","hsa05168","Herpes simplex virus 1 infection","7/40","497/8093",0.010033042371259,0.0255834743912034,0.0120195924882847,"mrna_TAB1/mrna_MTOR/mrna_PTPN11/mrna_IL1B/mrna_PIK3CB/mrna_C3/mrna_CASP3",7
"c-19","hsa01523","Antifolate resistance","2/40","31/8093",0.0101177582338092,0.0255834743912034,0.0120195924882847,"mrna_MTHFR/mrna_IL1B",2
"c-19","hsa05323","Rheumatoid arthritis","3/40","93/8093",0.010676484292641,0.0263438387869667,0.0123768258350899,"mrna_FOS/mrna_CTSK/mrna_IL1B",3
"c-19","hsa05010","Alzheimer disease","6/40","384/8093",0.0107161378116475,0.0263438387869667,0.0123768258350899,"mrna_MTOR/mrna_LRP5/mrna_IL1B/mrna_PIK3CB/mrna_WNT7B/mrna_CASP3",6
"c-19","hsa05146","Amoebiasis","3/40","102/8093",0.0137021495000722,0.0327547984577519,0.0153888140241594,"mrna_IL1B/mrna_PIK3CB/mrna_CASP3",3
"c-19","hsa04010","MAPK signaling pathway","5/40","294/8093",0.0141992474743828,0.0327547984577519,0.0153888140241594,"mrna_FOS/mrna_TAB1/mrna_IL1B/mrna_CASP3/mrna_SOS1",5
"c-19","hsa05143","African trypanosomiasis","2/40","37/8093",0.0142237110964273,0.0327547984577519,0.0153888140241594,"mrna_APOL1/mrna_IL1B",2
"c-19","hsa04060","Cytokine-cytokine receptor interaction","5/40","295/8093",0.0143922053340602,0.0327547984577519,0.0153888140241594,"mrna_TNFRSF11B/mrna_IL1B/mrna_EPOR/mrna_LEPR/mrna_CXCL10",5
"c-19","hsa04625","C-type lectin receptor signaling pathway","3/40","104/8093",0.014434317964433,0.0327547984577519,0.0153888140241594,"mrna_PTPN11/mrna_IL1B/mrna_PIK3CB",3
"c-19","hsa04660","T cell receptor signaling pathway","3/40","104/8093",0.014434317964433,0.0327547984577519,0.0153888140241594,"mrna_FOS/mrna_PIK3CB/mrna_SOS1",3
"c-19","hsa04931","Insulin resistance","3/40","108/8093",0.0159646178908056,0.0357688274262354,0.0168048609376901,"mrna_MTOR/mrna_PTPN11/mrna_PIK3CB",3
"c-19","hsa04066","HIF-1 signaling pathway","3/40","109/8093",0.0163609928838962,0.0361986967556202,0.0170068215503657,"mrna_CDKN1B/mrna_MTOR/mrna_PIK3CB",3
"c-19","hsa04722","Neurotrophin signaling pathway","3/40","119/8093",0.0206304461187593,0.0450813452224739,0.0211800551446651,"mrna_PTPN11/mrna_PIK3CB/mrna_SOS1",3
"c-19","hsa04930","Type II diabetes mellitus","2/40","46/8093",0.0214965607879659,0.0464011129203655,0.0218001065757292,"mrna_MTOR/mrna_PIK3CB",2
"c-19","hsa04810","Regulation of actin cytoskeleton","4/40","218/8093",0.0219370781031261,0.0467814798102809,0.0219788100208872,"mrna_F2R/mrna_IQGAP1/mrna_PIK3CB/mrna_SOS1",4
"c-19","hsa05166","Human T-cell leukemia virus 1 infection","4/40","222/8093",0.023274173209925,0.049042007835199,0.0230408481652139,"mrna_FOS/mrna_PIK3CB/mrna_RB1/mrna_SMAD2",4
"c-19","hsa05208","Chemical carcinogenesis - reactive oxygen species","4/40","223/8093",0.0236161075438292,0.0491770710030326,0.0231043033555728,"mrna_FOS/mrna_PTPN11/mrna_PIK3CB/mrna_SOS1",4
"c-20","hsa05142","Chagas disease","7/58","102/8093",7.29057440185478e-06,0.00134146568994128,0.000905566083598804,"mrna_CFLAR/mrna_IL10/mrna_TGFBR1/mrna_PPP2R1A/mrna_MAPK8/mrna_PPP2R2A/mrna_TGFB3",7
"c-20","hsa05144","Malaria","5/58","50/8093",2.62683691373958e-05,0.00241668996064041,0.00163140397800668,"mrna_KLRK1/mrna_IL10/mrna_SDC1/mrna_ITGAL/mrna_TGFB3",5
"c-20","hsa05160","Hepatitis C","7/58","157/8093",0.000118550681133751,0.00727110844287008,0.00490841416623953,"mrna_CFLAR/mrna_TRAF3/mrna_BAX/mrna_TBK1/mrna_PPP2R1A/mrna_RIPK1/mrna_PPP2R2A",7
"c-20","hsa05225","Hepatocellular carcinoma","7/58","168/8093",0.000180797039339612,0.0073140277528085,0.00493738715578606,"mrna_SMARCA4/mrna_DVL1/mrna_BAX/mrna_TGFBR1/mrna_KEAP1/mrna_TGFB3/mrna_ARID1A",7
"c-20","hsa05212","Pancreatic cancer","5/58","76/8093",0.000198750754152405,0.0073140277528085,0.00493738715578606,"mrna_RALBP1/mrna_BAX/mrna_TGFBR1/mrna_MAPK8/mrna_TGFB3",5
"c-20","hsa04512","ECM-receptor interaction","5/58","88/8093",0.000394766702420526,0.0113644174765725,0.00767163193498598,"mrna_ITGB3/mrna_ITGB4/mrna_COL1A2/mrna_AGRN/mrna_SDC1",5
"c-20","hsa05418","Fluid shear stress and atherosclerosis","6/58","139/8093",0.000447726085465057,0.0113644174765725,0.00767163193498598,"mrna_KDR/mrna_ITGB3/mrna_MAP2K5/mrna_SDC1/mrna_KEAP1/mrna_MAPK8",6
"c-20","hsa05165","Human papillomavirus infection","9/58","331/8093",0.000519889427476861,0.0113644174765725,0.00767163193498598,"mrna_ITGB3/mrna_TRAF3/mrna_ITGB4/mrna_COL1A2/mrna_DVL1/mrna_BAX/mrna_TBK1/mrna_PPP2R1A/mrna_PPP2R2A",9
"c-20","hsa05169","Epstein-Barr virus infection","7/58","202/8093",0.000555868246136696,0.0113644174765725,0.00767163193498598,"mrna_RUNX3/mrna_TRAF3/mrna_BAX/mrna_TBK1/mrna_RIPK1/mrna_MAPK8/mrna_ITGAL",7
"c-20","hsa04933","AGE-RAGE signaling pathway in diabetic complications","5/58","100/8093",0.000710666499551185,0.0130762635917418,0.00882722599442524,"mrna_COL1A2/mrna_BAX/mrna_TGFBR1/mrna_MAPK8/mrna_TGFB3",5
"c-20","hsa05166","Human T-cell leukemia virus 1 infection","7/58","222/8093",0.000972701125349753,0.0153966038011186,0.0103935883783295,"mrna_TCF3/mrna_BAX/mrna_TGFBR1/mrna_MAPK8/mrna_ITGAL/mrna_IL2RB/mrna_TGFB3",7
"c-20","hsa05161","Hepatitis B","6/58","162/8093",0.00100412633485556,0.0153966038011186,0.0103935883783295,"mrna_TRAF3/mrna_BAX/mrna_TBK1/mrna_TGFBR1/mrna_MAPK8/mrna_TGFB3",6
"c-20","hsa04060","Cytokine-cytokine receptor interaction","8/58","295/8093",0.00111125718607352,0.0155912426803558,0.0105249807567619,"mrna_IL18R1/mrna_IL6ST/mrna_IL10/mrna_TGFBR1/mrna_IL2RB/mrna_TGFB3/mrna_CSF2RB/mrna_IL16",8
"c-20","hsa04668","TNF signaling pathway","5/58","112/8093",0.00118629020394011,0.0155912426803558,0.0105249807567619,"mrna_IL18R1/mrna_CFLAR/mrna_TRAF3/mrna_RIPK1/mrna_MAPK8",5
"c-20","hsa04622","RIG-I-like receptor signaling pathway","4/58","70/8093",0.00153182849697458,0.0187904295628882,0.0126846149223158,"mrna_TRAF3/mrna_TBK1/mrna_RIPK1/mrna_MAPK8",4
"c-20","hsa05152","Tuberculosis","6/58","180/8093",0.00172740628361444,0.019865172261566,0.0134101277280594,"mrna_CIITA/mrna_VDR/mrna_IL10/mrna_BAX/mrna_MAPK8/mrna_TGFB3",6
"c-20","hsa05133","Pertussis","4/58","76/8093",0.00207626461405039,0.0224725111167807,0.0151702306165911,"mrna_CASP1/mrna_C1S/mrna_IL10/mrna_MAPK8",4
"c-20","hsa04210","Apoptosis","5/58","136/8093",0.00279371785691221,0.0279277783585616,0.0188528480910199,"mrna_CFLAR/mrna_BAX/mrna_RIPK1/mrna_MAPK8/mrna_CSF2RB",5
"c-20","hsa05135","Yersinia infection","5/58","137/8093",0.00288384667832973,0.0279277783585616,0.0188528480910199,"mrna_CD8A/mrna_CASP1/mrna_IL10/mrna_TBK1/mrna_MAPK8",5
"c-20","hsa05162","Measles","5/58","139/8093",0.00307040878220563,0.0282477607962918,0.0190688545421192,"mrna_TRAF3/mrna_BAX/mrna_TBK1/mrna_MAPK8/mrna_IL2RB",5
"c-20","hsa05210","Colorectal cancer","4/58","86/8093",0.00325920871993217,0.0285568764032152,0.0192775252607517,"mrna_BAX/mrna_TGFBR1/mrna_MAPK8/mrna_TGFB3",4
"c-20","hsa04350","TGF-beta signaling pathway","4/58","94/8093",0.0044863181310445,0.0375219334596449,0.0253294516489594,"mrna_GREM1/mrna_TGFBR1/mrna_PPP2R1A/mrna_TGFB3",4
"c-20","hsa04390","Hippo signaling pathway","5/58","157/8093",0.00516290249227479,0.0411325280464372,0.0277668095507986,"mrna_DVL1/mrna_TGFBR1/mrna_PPP2R1A/mrna_PPP2R2A/mrna_TGFB3",5
"c-20","hsa04217","Necroptosis","5/58","159/8093",0.0054454152063249,0.0411325280464372,0.0277668095507986,"mrna_CASP1/mrna_CFLAR/mrna_BAX/mrna_RIPK1/mrna_MAPK8",5
"c-20","hsa04061","Viral protein interaction with cytokine and cytokine receptor","4/58","100/8093",0.00558865870196157,0.0411325280464372,0.0277668095507986,"mrna_IL18R1/mrna_IL6ST/mrna_IL10/mrna_IL2RB",4
"c-20","hsa05171","Coronavirus disease - COVID-19","6/58","232/8093",0.00606415575003951,0.0429155637695104,0.028970460668205,"mrna_IL6ST/mrna_CASP1/mrna_TRAF3/mrna_C1S/mrna_TBK1/mrna_MAPK8",6
"c-20","hsa04620","Toll-like receptor signaling pathway","4/58","104/8093",0.00641638386868156,0.0437264678458299,0.029517867310114,"mrna_TRAF3/mrna_TBK1/mrna_RIPK1/mrna_MAPK8",4
"c-20","hsa04659","Th17 cell differentiation","4/58","108/8093",0.00732201255755774,0.0479346205963401,0.0323586111577124,"mrna_IL6ST/mrna_TGFBR1/mrna_MAPK8/mrna_IL2RB",4
"c-20","hsa05164","Influenza A","5/58","172/8093",0.00755491302877099,0.0479346205963401,0.0323586111577124,"mrna_CASP1/mrna_CIITA/mrna_TRAF3/mrna_BAX/mrna_TBK1",5
"c-3","hsa05166","Human T-cell leukemia virus 1 infection","8/42","222/8093",1.49168808458694e-05,0.00155720128832031,0.00112246774787391,"mrna_CDC27/mrna_LTA/mrna_BCL2L1/mrna_IL2RA/mrna_EP300/mrna_IL1R1/mrna_PIK3CA/mrna_CREBBP",8
"c-3","hsa04630","JAK-STAT signaling pathway","7/42","162/8093",1.69261009600034e-05,0.00155720128832031,0.00112246774787391,"mrna_GHR/mrna_BCL2L1/mrna_IL2RA/mrna_EP300/mrna_STAT4/mrna_PIK3CA/mrna_CREBBP",7
"c-3","hsa04062","Chemokine signaling pathway","7/42","192/8093",5.06132613522558e-05,0.00310428002960502,0.00223763892294184,"mrna_CCL5/mrna_CXCR4/mrna_WAS/mrna_ROCK2/mrna_PRKCD/mrna_LYN/mrna_PIK3CA",7
"c-3","hsa04330","Notch signaling pathway","4/42","59/8093",0.000231939905912654,0.00901987578186297,0.00650174112422617,"mrna_DVL3/mrna_EP300/mrna_NOTCH3/mrna_CREBBP",4
"c-3","hsa05131","Shigellosis","7/42","247/8093",0.00024510532015932,0.00901987578186297,0.00650174112422617,"mrna_ITGB1/mrna_CCL5/mrna_BCL2L1/mrna_IL1R1/mrna_ROCK2/mrna_PRKCD/mrna_PIK3CA",7
"c-3","hsa04611","Platelet activation","5/42","124/8093",0.000420826702269797,0.0108873792163482,0.00784788204382075,"mrna_ITGB1/mrna_ROCK2/mrna_PRKG1/mrna_LYN/mrna_PIK3CA",5
"c-3","hsa05211","Renal cell carcinoma","4/42","69/8093",0.00042434135286439,0.0108873792163482,0.00784788204382075,"mrna_EP300/mrna_PIK3CA/mrna_EPAS1/mrna_CREBBP",4
"c-3","hsa04520","Adherens junction","4/42","71/8093",0.000473364313754267,0.0108873792163482,0.00784788204382075,"mrna_WAS/mrna_FGFR1/mrna_EP300/mrna_CREBBP",4
"c-3","hsa05135","Yersinia infection","5/42","137/8093",0.000664455932264289,0.0131879222701405,0.00950616822676031,"mrna_WIPF1/mrna_ITGB1/mrna_WAS/mrna_ROCK2/mrna_PIK3CA",5
"c-3","hsa04060","Cytokine-cytokine receptor interaction","7/42","295/8093",0.000716734905985896,0.0131879222701405,0.00950616822676031,"mrna_LTA/mrna_GHR/mrna_CCL5/mrna_CXCR4/mrna_IL2RA/mrna_IL1R1/mrna_IL17RA",7
"c-3","hsa05206","MicroRNAs in cancer","7/42","310/8093",0.000960807733290787,0.0160716929932277,0.0115848587937454,"mrna_VIM/mrna_EP300/mrna_THBS1/mrna_PIK3CA/mrna_NOTCH3/mrna_ZEB2/mrna_CREBBP",7
"c-3","hsa05165","Human papillomavirus infection","7/42","331/8093",0.00140847653297289,0.0201260683119455,0.0145073490120431,"mrna_ITGB1/mrna_DVL3/mrna_EP300/mrna_THBS1/mrna_PIK3CA/mrna_NOTCH3/mrna_CREBBP",7
"c-3","hsa04666","Fc gamma R-mediated phagocytosis","4/42","97/8093",0.00153133128460455,0.0201260683119455,0.0145073490120431,"mrna_WAS/mrna_PRKCD/mrna_LYN/mrna_PIK3CA",4
"c-3","hsa05215","Prostate cancer","4/42","97/8093",0.00153133128460455,0.0201260683119455,0.0145073490120431,"mrna_FGFR1/mrna_EP300/mrna_PIK3CA/mrna_CREBBP",4
"c-3","hsa04061","Viral protein interaction with cytokine and cytokine receptor","4/42","100/8093",0.00171368612221768,0.0210212164325368,0.0151525930806616,"mrna_LTA/mrna_CCL5/mrna_CXCR4/mrna_IL2RA",4
"c-3","hsa04064","NF-kappa B signaling pathway","4/42","104/8093",0.00197965779825713,0.0224261355905683,0.0161652922449177,"mrna_LTA/mrna_BCL2L1/mrna_IL1R1/mrna_LYN",4
"c-3","hsa04151","PI3K-Akt signaling pathway","7/42","354/8093",0.00207197991869381,0.0224261355905683,0.0161652922449177,"mrna_GHR/mrna_ITGB1/mrna_BCL2L1/mrna_FGFR1/mrna_IL2RA/mrna_THBS1/mrna_PIK3CA",7
"c-3","hsa04668","TNF signaling pathway","4/42","112/8093",0.0025951562922225,0.0265282643204967,0.0191222042584816,"mrna_LTA/mrna_CCL5/mrna_PIK3CA/mrna_NOD2",4
"c-3","hsa04670","Leukocyte transendothelial migration","4/42","114/8093",0.00276745260329628,0.0268005936319219,0.0193185057072206,"mrna_ITGB1/mrna_CXCR4/mrna_ROCK2/mrna_PIK3CA",4
"c-3","hsa04935","Growth hormone synthesis, secretion and action","4/42","119/8093",0.00323230479337199,0.0297372040990223,0.0214352844192037,"mrna_GHR/mrna_EP300/mrna_PIK3CA/mrna_CREBBP",4
"c-3","hsa04919","Thyroid hormone signaling pathway","4/42","121/8093",0.0034323327966932,0.030073773075788,0.021677891347536,"mrna_EP300/mrna_PIK3CA/mrna_NOTCH3/mrna_CREBBP",4
"c-3","hsa05205","Proteoglycans in cancer","5/42","205/8093",0.00394288835448127,0.0329768844192979,0.0237705230940019,"mrna_ITGB1/mrna_FGFR1/mrna_ROCK2/mrna_THBS1/mrna_PIK3CA",5
"c-3","hsa04270","Vascular smooth muscle contraction","4/42","133/8093",0.00481249959481343,0.0369269217956475,0.0266178040403408,"mrna_ACTA2/mrna_ROCK2/mrna_PRKG1/mrna_PRKCD",4
"c-3","hsa05417","Lipid and atherosclerosis","5/42","215/8093",0.00482732843564453,0.0369269217956475,0.0266178040403408,"mrna_CCL5/mrna_BCL2L1/mrna_ROCK2/mrna_LYN/mrna_PIK3CA",5
"c-3","hsa04810","Regulation of actin cytoskeleton","5/42","218/8093",0.0051182425412257,0.0369269217956475,0.0266178040403408,"mrna_ITGB1/mrna_CXCR4/mrna_FGFR1/mrna_ROCK2/mrna_PIK3CA",5
"c-3","hsa04024","cAMP signaling pathway","5/42","219/8093",0.00521793460155888,0.0369269217956475,0.0266178040403408,"mrna_PDE4A/mrna_EP300/mrna_ROCK2/mrna_PIK3CA/mrna_CREBBP",5
"c-3","hsa05162","Measles","4/42","139/8093",0.00562547551235421,0.0375341221751757,0.0270554885244401,"mrna_EIF2AK4/mrna_BCL2L1/mrna_IL2RA/mrna_PIK3CA",4
"c-3","hsa05163","Human cytomegalovirus infection","5/42","225/8093",0.00584537611579659,0.0375341221751757,0.0270554885244401,"mrna_CCL5/mrna_CXCR4/mrna_IL1R1/mrna_ROCK2/mrna_PIK3CA",5
"c-3","hsa04140","Autophagy - animal","4/42","141/8093",0.00591570403847878,0.0375341221751757,0.0270554885244401,"mrna_EIF2AK4/mrna_BCL2L1/mrna_PRKCD/mrna_PIK3CA",4
"c-3","hsa05224","Breast cancer","4/42","147/8093",0.00684617345847239,0.0419898638786307,0.0302672931848253,"mrna_FGFR1/mrna_DVL3/mrna_PIK3CA/mrna_NOTCH3",4
"c-4","hsa05215","Prostate cancer","7/45","97/8093",8.93441082863312e-07,0.000110203517197037,5.68645599571914e-05,"mrna_FOXO1/mrna_GRB2/mrna_ERG/mrna_RELA/mrna_CREBBP/mrna_PIK3R3/mrna_IKBKG",7
"c-4","hsa05165","Human papillomavirus infection","11/45","331/8093",1.32139456278458e-06,0.000110203517197037,5.68645599571914e-05,"mrna_FOXO1/mrna_AXIN1/mrna_GRB2/mrna_ITGA3/mrna_PRKACA/mrna_RELA/mrna_CREBBP/mrna_PIK3R3/mrna_IKBKG/mrna_FN1/mrna_TYK2",11
"c-4","hsa05221","Acute myeloid leukemia","6/45","67/8093",1.62063995877995e-06,0.000110203517197037,5.68645599571914e-05,"mrna_STAT3/mrna_GRB2/mrna_RARA/mrna_RELA/mrna_PIK3R3/mrna_IKBKG",6
"c-4","hsa05161","Hepatitis B","8/45","162/8093",2.49010369780051e-06,0.000126995288587826,6.55290446789608e-05,"mrna_STAT3/mrna_GRB2/mrna_TLR2/mrna_RELA/mrna_CREBBP/mrna_PIK3R3/mrna_IKBKG/mrna_TYK2",8
"c-4","hsa05169","Epstein-Barr virus infection","8/45","202/8093",1.27847887052295e-05,0.000467120423980772,0.000241032210516394,"mrna_STAT3/mrna_TAP2/mrna_TLR2/mrna_RELA/mrna_PIK3R3/mrna_IKBKG/mrna_SYK/mrna_TYK2",8
"c-4","hsa05203","Viral carcinogenesis","8/45","204/8093",1.37388359994345e-05,0.000467120423980772,0.000241032210516394,"mrna_STAT3/mrna_GRB2/mrna_PRKACA/mrna_RELA/mrna_CREBBP/mrna_PIK3R3/mrna_IKBKG/mrna_SYK",8
"c-4","hsa04151","PI3K-Akt signaling pathway","10/45","354/8093",1.82916155406563e-05,0.000482265782452981,0.000248847152968515,"mrna_GRB2/mrna_ITGA3/mrna_NGFR/mrna_TLR2/mrna_RELA/mrna_PIK3R3/mrna_BRCA1/mrna_IKBKG/mrna_SYK/mrna_FN1",10
"c-4","hsa05146","Amoebiasis","6/45","102/8093",1.89123836256071e-05,0.000482265782452981,0.000248847152968515,"mrna_HSPB1/mrna_PRKACA/mrna_TLR2/mrna_RELA/mrna_PIK3R3/mrna_FN1",6
"c-4","hsa04668","TNF signaling pathway","6/45","112/8093",3.22358921467305e-05,0.000730680221992558,0.000377027978324334,"mrna_CASP7/mrna_MAP3K8/mrna_RELA/mrna_PIK3R3/mrna_IKBKG/mrna_IL15",6
"c-4","hsa05212","Pancreatic cancer","5/45","76/8093",5.82724025729355e-05,0.0010806881931708,0.000557630646630962,"mrna_RAD51/mrna_STAT3/mrna_RELA/mrna_PIK3R3/mrna_IKBKG",5
"c-4","hsa05220","Chronic myeloid leukemia","5/45","76/8093",5.82724025729355e-05,0.0010806881931708,0.000557630646630962,"mrna_GRB2/mrna_CBL/mrna_RELA/mrna_PIK3R3/mrna_IKBKG",5
"c-4","hsa04380","Osteoclast differentiation","6/45","128/8093",6.83844469010362e-05,0.00116253559731762,0.000599863569307335,"mrna_GRB2/mrna_RELA/mrna_PIK3R3/mrna_IKBKG/mrna_SYK/mrna_TYK2",6
"c-4","hsa05202","Transcriptional misregulation in cancer","7/45","192/8093",8.01662253277747e-05,0.00116393955687704,0.000600588006644498,"mrna_EWSR1/mrna_FOXO1/mrna_RARA/mrna_ERG/mrna_NGFR/mrna_RELA/mrna_SS18",7
"c-4","hsa04662","B cell receptor signaling pathway","5/45","82/8093",8.39583864832291e-05,0.00116393955687704,0.000600588006644498,"mrna_GRB2/mrna_RELA/mrna_PIK3R3/mrna_IKBKG/mrna_SYK",5
"c-4","hsa05167","Kaposi sarcoma-associated herpesvirus infection","7/45","194/8093",8.55837909468409e-05,0.00116393955687704,0.000600588006644498,"mrna_STAT3/mrna_RELA/mrna_CREBBP/mrna_PIK3R3/mrna_IKBKG/mrna_SYK/mrna_TYK2",7
"c-4","hsa05162","Measles","6/45","139/8093",0.000108168579742241,0.00133230186513449,0.000687462262711294,"mrna_STAT3/mrna_TLR2/mrna_RELA/mrna_PIK3R3/mrna_IKBKG/mrna_TYK2",6
"c-4","hsa05205","Proteoglycans in cancer","7/45","205/8093",0.000121006030079171,0.00133230186513449,0.000687462262711294,"mrna_STAT3/mrna_GRB2/mrna_PRKACA/mrna_CBL/mrna_TLR2/mrna_PIK3R3/mrna_FN1",7
"c-4","hsa04211","Longevity regulating pathway","5/45","89/8093",0.000124086938419389,0.00133230186513449,0.000687462262711294,"mrna_FOXO1/mrna_PRKACA/mrna_RELA/mrna_EHMT1/mrna_PIK3R3",5
"c-4","hsa05235","PD-L1 expression and PD-1 checkpoint pathway in cancer","5/45","89/8093",0.000124086938419389,0.00133230186513449,0.000687462262711294,"mrna_STAT3/mrna_TLR2/mrna_RELA/mrna_PIK3R3/mrna_IKBKG",5
"c-4","hsa05222","Small cell lung cancer","5/45","92/8093",0.00014520745956342,0.00148111608754688,0.000764249787175892,"mrna_ITGA3/mrna_RELA/mrna_PIK3R3/mrna_IKBKG/mrna_FN1",5
"c-4","hsa05417","Lipid and atherosclerosis","7/45","215/8093",0.000162809918816499,0.00158158206850313,0.000816089818629069,"mrna_CASP7/mrna_STAT3/mrna_ABCA1/mrna_TLR2/mrna_RELA/mrna_PIK3R3/mrna_IKBKG",7
"c-4","hsa04010","MAPK signaling pathway","8/45","294/8093",0.000184034266173828,0.00170649955906641,0.000880546728104441,"mrna_HSPB1/mrna_GRB2/mrna_MAP3K8/mrna_NGFR/mrna_PRKACA/mrna_RELA/mrna_IKBKG/mrna_MAP3K2",8
"c-4","hsa05160","Hepatitis C","6/45","157/8093",0.000211092514082242,0.0017598114201378,0.000908055428347677,"mrna_STAT3/mrna_GRB2/mrna_RELA/mrna_PIK3R3/mrna_IKBKG/mrna_TYK2",6
"c-4","hsa04933","AGE-RAGE signaling pathway in diabetic complications","5/45","100/8093",0.000215092263938073,0.0017598114201378,0.000908055428347677,"mrna_FOXO1/mrna_STAT3/mrna_RELA/mrna_PIK3R3/mrna_FN1",5
"c-4","hsa05163","Human cytomegalovirus infection","7/45","225/8093",0.000215663164232573,0.0017598114201378,0.000908055428347677,"mrna_STAT3/mrna_GRB2/mrna_TAP2/mrna_PRKACA/mrna_RELA/mrna_PIK3R3/mrna_IKBKG",7
"c-4","hsa04630","JAK-STAT signaling pathway","6/45","162/8093",0.000250300574567141,0.00183132089753465,0.000944954023495691,"mrna_STAT3/mrna_GRB2/mrna_CREBBP/mrna_PIK3R3/mrna_IL15/mrna_TYK2",6
"c-4","hsa04620","Toll-like receptor signaling pathway","5/45","104/8093",0.000258435285970348,0.00183132089753465,0.000944954023495691,"mrna_MAP3K8/mrna_TLR2/mrna_RELA/mrna_PIK3R3/mrna_IKBKG",5
"c-4","hsa04660","T cell receptor signaling pathway","5/45","104/8093",0.000258435285970348,0.00183132089753465,0.000944954023495691,"mrna_GRB2/mrna_MAP3K8/mrna_RELA/mrna_PIK3R3/mrna_IKBKG",5
"c-4","hsa05171","Coronavirus disease - COVID-19","7/45","232/8093",0.000260334833473063,0.00183132089753465,0.000944954023495691,"mrna_STAT3/mrna_TLR2/mrna_RELA/mrna_PIK3R3/mrna_IKBKG/mrna_SYK/mrna_TYK2",7
"c-4","hsa04659","Th17 cell differentiation","5/45","108/8093",0.000308131192282223,0.00209529210751912,0.00108116207818324,"mrna_STAT3/mrna_RARA/mrna_RELA/mrna_IKBKG/mrna_TYK2",5
"c-4","hsa04066","HIF-1 signaling pathway","5/45","109/8093",0.000321616949575784,0.00211644702301484,0.00109207792725224,"mrna_STAT3/mrna_RELA/mrna_CREBBP/mrna_VHL/mrna_PIK3R3",5
"c-4","hsa05145","Toxoplasmosis","5/45","112/8093",0.000364774349127112,0.00232543647568534,0.00119991562212866,"mrna_STAT3/mrna_TLR2/mrna_RELA/mrna_IKBKG/mrna_TYK2",5
"c-4","hsa04722","Neurotrophin signaling pathway","5/45","119/8093",0.000482485483495882,0.00289491290097529,0.0014937631067984,"mrna_GRB2/mrna_NGFR/mrna_RELA/mrna_PIK3R3/mrna_SH2B3",5
"c-4","hsa04935","Growth hormone synthesis, secretion and action","5/45","119/8093",0.000482485483495882,0.00289491290097529,0.0014937631067984,"mrna_STAT3/mrna_GRB2/mrna_PRKACA/mrna_CREBBP/mrna_PIK3R3",5
"c-4","hsa05211","Renal cell carcinoma","4/45","69/8093",0.000554109888742899,0.00322966906581575,0.00166649590599368,"mrna_GRB2/mrna_CREBBP/mrna_VHL/mrna_PIK3R3",4
"c-4","hsa04917","Prolactin signaling pathway","4/45","70/8093",0.000585320709977755,0.00331681735654061,0.00171146406426244,"mrna_STAT3/mrna_GRB2/mrna_RELA/mrna_PIK3R3",4
"c-4","hsa04062","Chemokine signaling pathway","6/45","192/8093",0.000621595758089647,0.00342717661216994,0.00176840898460781,"mrna_STAT3/mrna_GRB2/mrna_PRKACA/mrna_RELA/mrna_PIK3R3/mrna_IKBKG",6
"c-4","hsa04068","FoxO signaling pathway","5/45","131/8093",0.000748278548788982,0.00401707431455138,0.0020727937639584,"mrna_FOXO1/mrna_STAT3/mrna_GRB2/mrna_CREBBP/mrna_PIK3R3",5
"c-4","hsa04210","Apoptosis","5/45","136/8093",0.000886554676610409,0.00463736292380829,0.00239286012580407,"mrna_CASP7/mrna_CTSD/mrna_RELA/mrna_PIK3R3/mrna_IKBKG",5
"c-4","hsa04910","Insulin signaling pathway","5/45","137/8093",0.000916355055679271,0.00467341078396428,0.00241146067284019,"mrna_FOXO1/mrna_GRB2/mrna_PRKACA/mrna_CBL/mrna_PIK3R3",5
"c-4","hsa04915","Estrogen signaling pathway","5/45","138/8093",0.000946897354768955,0.00471139171641138,0.00243105867719886,"mrna_CTSD/mrna_GRB2/mrna_RARA/mrna_PRKACA/mrna_PIK3R3",5
"c-4","hsa05166","Human T-cell leukemia virus 1 infection","6/45","222/8093",0.001325546987988,0.00643837108451314,0.00332217290222556,"mrna_PRKACA/mrna_RELA/mrna_CREBBP/mrna_PIK3R3/mrna_IKBKG/mrna_IL15",6
"c-4","hsa03440","Homologous recombination","3/45","41/8093",0.00147753354616407,0.00700969403296441,0.00361697318522415,"mrna_RAD51/mrna_BRCA1/mrna_RAD50",3
"c-4","hsa04014","Ras signaling pathway","6/45","232/8093",0.00166134789719265,0.00770261297789319,0.00397451650046088,"mrna_GRB2/mrna_NGFR/mrna_PRKACA/mrna_RELA/mrna_PIK3R3/mrna_IKBKG",6
"c-4","hsa05225","Hepatocellular carcinoma","5/45","168/8093",0.00226759964883924,0.0100586747146418,0.00519023463087811,"mrna_AXIN1/mrna_GRB2/mrna_ARID1B/mrna_SMARCA2/mrna_PIK3R3",5
"c-4","hsa03450","Non-homologous end-joining","2/45","13/8093",0.00226813253369373,0.0100586747146418,0.00519023463087811,"mrna_RAD50/mrna_LIG4",2
"c-4","hsa05142","Chagas disease","4/45","102/8093",0.0023839781309586,0.0103474795471394,0.00533925673227009,"mrna_TLR2/mrna_RELA/mrna_PIK3R3/mrna_IKBKG",4
"c-4","hsa05164","Influenza A","5/45","172/8093",0.00251263366838534,0.0106529423563341,0.00549687428087417,"mrna_RELA/mrna_CREBBP/mrna_PIK3R3/mrna_IKBKG/mrna_TYK2",5
"c-4","hsa04625","C-type lectin receptor signaling pathway","4/45","104/8093",0.00255879497774693,0.0106529423563341,0.00549687428087417,"mrna_RELA/mrna_PIK3R3/mrna_IKBKG/mrna_SYK",4
"c-4","hsa04931","Insulin resistance","4/45","108/8093",0.00293456465543059,0.0119730237941568,0.00617803085353809,"mrna_FOXO1/mrna_STAT3/mrna_RELA/mrna_PIK3R3",4
"c-4","hsa05152","Tuberculosis","5/45","180/8093",0.00305988034329221,0.0122395213731688,0.00631554250421509,"mrna_CTSD/mrna_TLR2/mrna_RELA/mrna_CREBBP/mrna_SYK",5
"c-4","hsa05134","Legionellosis","3/45","57/8093",0.00381201740971689,0.0149548375304278,0.00771663443262528,"mrna_CASP7/mrna_TLR2/mrna_RELA",3
"c-4","hsa05213","Endometrial cancer","3/45","58/8093",0.00400443755616413,0.0154133068199525,0.00795320269347395,"mrna_AXIN1/mrna_GRB2/mrna_PIK3R3",3
"c-4","hsa04919","Thyroid hormone signaling pathway","4/45","121/8093",0.00441465296699571,0.0166775778753171,0.00860556133917292,"mrna_FOXO1/mrna_PRKACA/mrna_CREBBP/mrna_PIK3R3",4
"c-4","hsa04213","Longevity regulating pathway - multiple species","3/45","62/8093",0.00483294525145148,0.0179258332962928,0.00924965598363921,"mrna_FOXO1/mrna_PRKACA/mrna_PIK3R3",3
"c-4","hsa04623","Cytosolic DNA-sensing pathway","3/45","63/8093",0.00505503371564364,0.0184147656784161,0.00950194307451812,"mrna_RELA/mrna_IKBKG/mrna_TREX1",3
"c-4","hsa05321","Inflammatory bowel disease","3/45","65/8093",0.00551750269843618,0.019484850520667,0.0100541024358447,"mrna_STAT3/mrna_TLR2/mrna_RELA",3
"c-4","hsa04926","Relaxin signaling pathway","4/45","129/8093",0.00553981044215043,0.019484850520667,0.0100541024358447,"mrna_GRB2/mrna_PRKACA/mrna_RELA/mrna_PIK3R3",4
"c-4","hsa05170","Human immunodeficiency virus 1 infection","5/45","212/8093",0.00613226238791208,0.0208496921189011,0.0107583550665124,"mrna_TAP2/mrna_TLR2/mrna_RELA/mrna_PIK3R3/mrna_IKBKG",5
"c-4","hsa05207","Chemical carcinogenesis - receptor activation","5/45","212/8093",0.00613226238791208,0.0208496921189011,0.0107583550665124,"mrna_STAT3/mrna_GRB2/mrna_PRKACA/mrna_RELA/mrna_PIK3R3",5
"c-4","hsa04664","Fc epsilon RI signaling pathway","3/45","68/8093",0.00625761284003376,0.0209270986781457,0.0107982965315509,"mrna_GRB2/mrna_PIK3R3/mrna_SYK",3
"c-4","hsa04920","Adipocytokine signaling pathway","3/45","69/8093",0.00651686297418334,0.0214425813989258,0.0110642834875778,"mrna_STAT3/mrna_RELA/mrna_IKBKG",3
"c-4","hsa05135","Yersinia infection","4/45","137/8093",0.00684305094732595,0.0221584506865793,0.0114336690849222,"mrna_RELA/mrna_PIK3R3/mrna_IKBKG/mrna_FN1",4
"c-4","hsa05223","Non-small cell lung cancer","3/45","72/8093",0.00733281586172303,0.0233733505592422,0.0120605524041497,"mrna_STAT3/mrna_GRB2/mrna_PIK3R3",3
"c-4","hsa01524","Platinum drug resistance","3/45","73/8093",0.00761766022125623,0.0239077336174811,0.0123362918562854,"mrna_XPA/mrna_PIK3R3/mrna_BRCA1",3
"c-4","hsa04550","Signaling pathways regulating pluripotency of stem cells","4/45","143/8093",0.00794426206062641,0.0245549918237544,0.0126702744188619,"mrna_AXIN1/mrna_STAT3/mrna_GRB2/mrna_PIK3R3",4
"c-4","hsa05224","Breast cancer","4/45","147/8093",0.00873989889953471,0.0264668267372126,0.013656773342215,"mrna_AXIN1/mrna_GRB2/mrna_PIK3R3/mrna_BRCA1",4
"c-4","hsa05100","Bacterial invasion of epithelial cells","3/45","77/8093",0.00882227557907087,0.0264668267372126,0.013656773342215,"mrna_CBL/mrna_PIK3R3/mrna_FN1",3
"c-4","hsa01521","EGFR tyrosine kinase inhibitor resistance","3/45","79/8093",0.00946417870680884,0.0279810500896957,0.0144381063414323,"mrna_STAT3/mrna_GRB2/mrna_PIK3R3",3
"c-4","hsa04218","Cellular senescence","4/45","156/8093",0.0107173609437493,0.0312334518932123,0.0161163322462396,"mrna_FOXO1/mrna_RELA/mrna_PIK3R3/mrna_RAD50",4
"c-4","hsa04012","ErbB signaling pathway","3/45","85/8093",0.0115510350513912,0.0331888894434338,0.0171253299501722,"mrna_GRB2/mrna_CBL/mrna_PIK3R3",3
"c-4","hsa05210","Colorectal cancer","3/45","86/8093",0.011922611653717,0.0337807330188647,0.0174307187919839,"mrna_AXIN1/mrna_GRB2/mrna_PIK3R3",3
"c-4","hsa04540","Gap junction","3/45","88/8093",0.0126863402475047,0.0349842443306007,0.0180517256607847,"mrna_GRB2/mrna_PRKACA/mrna_MAP3K2",3
"c-4","hsa01523","Antifolate resistance","2/45","31/8093",0.0126903631395316,0.0349842443306007,0.0180517256607847,"mrna_RELA/mrna_IKBKG",2
"c-4","hsa04215","Apoptosis - multiple species","2/45","32/8093",0.0134889265506701,0.0366898802178228,0.0189318267377827,"mrna_CASP7/mrna_NGFR",2
"c-4","hsa04658","Th1 and Th2 cell differentiation","3/45","92/8093",0.0142966434483695,0.0383752008350971,0.0198014452193483,"mrna_RELA/mrna_IKBKG/mrna_TYK2",3
"c-4","hsa04912","GnRH signaling pathway","3/45","93/8093",0.0147165812971346,0.0389893842157853,0.0201183613084547,"mrna_GRB2/mrna_PRKACA/mrna_MAP3K2",3
"c-4","hsa01522","Endocrine resistance","3/45","98/8093",0.0169211846972992,0.0442554061313979,0.0228356068789463,"mrna_GRB2/mrna_PRKACA/mrna_PIK3R3",3
"c-4","hsa05340","Primary immunodeficiency","2/45","38/8093",0.0187202066088251,0.0478675907762977,0.0246994792447357,"mrna_TAP2/mrna_IKBKG",2
"c-4","hsa05168","Herpes simplex virus 1 infection","7/45","497/8093",0.0187716042259991,0.0478675907762977,0.0246994792447357,"mrna_TAP2/mrna_TLR2/mrna_RELA/mrna_PIK3R3/mrna_IKBKG/mrna_SYK/mrna_TYK2",7
"c-4","hsa04064","NF-kappa B signaling pathway","3/45","104/8093",0.0197990201830654,0.0498641989795721,0.0257297208356925,"mrna_RELA/mrna_IKBKG/mrna_SYK",3
"c-5","hsa05166","Human T-cell leukemia virus 1 infection","8/40","222/8093",1.01899923190842e-05,0.00146735889394812,0.00127643061681159,"mrna_JAK3/mrna_KAT5/mrna_MAD2L1/mrna_MSX1/mrna_EGR1/mrna_ATF2/mrna_BUB1B/mrna_CD4",8
"c-5","hsa04010","MAPK signaling pathway","8/40","294/8093",7.68896620755982e-05,0.00553605566944307,0.00481572094052431,"mrna_CRKL/mrna_CACNA1C/mrna_ERBB3/mrna_ARAF/mrna_ATF2/mrna_RASA2/mrna_RPS6KA3/mrna_STK4",8
"c-5","hsa04928","Parathyroid hormone synthesis, secretion and action","5/40","106/8093",0.000160224900502296,0.00769079522411022,0.00669009233676254,"mrna_ARAF/mrna_KL/mrna_EGR1/mrna_ATF2/mrna_AKAP13",5
"c-5","hsa05203","Viral carcinogenesis","6/40","204/8093",0.000447258543339001,0.016101307560204,0.0140062543835108,"mrna_JAK3/mrna_ATF2/mrna_HDAC5/mrna_RASA2/mrna_UBE3A/mrna_HDAC4",6
"c-6","hsa04933","AGE-RAGE signaling pathway in diabetic complications","7/60","100/8093",8.04400046028671e-06,0.000827049622834799,0.00055965763951227,"mrna_COL4A1/mrna_VCAM1/mrna_PRKCB/mrna_STAT5B/mrna_TGFB3/mrna_ICAM1/mrna_JUN",7
"c-6","hsa04010","MAPK signaling pathway","11/60","294/8093",8.43928186566121e-06,0.000827049622834799,0.00055965763951227,"mrna_RASGRP1/mrna_TRAF2/mrna_MAP2K4/mrna_PRKCB/mrna_TEK/mrna_ERBB2/mrna_TGFB3/mrna_ANGPT1/mrna_MRAS/mrna_JUN/mrna_PDGFRB",11
"c-6","hsa04668","TNF signaling pathway","7/60","112/8093",1.69894350732006e-05,0.00110997642478244,0.000751111866394131,"mrna_IRF1/mrna_TRAF2/mrna_VCAM1/mrna_MAP2K4/mrna_CASP8/mrna_ICAM1/mrna_JUN",7
"c-6","hsa05417","Lipid and atherosclerosis","9/60","215/8093",2.54046485748352e-05,0.00116717622350928,0.000789818497111545,"mrna_TRAF2/mrna_VCAM1/mrna_TNFRSF10B/mrna_MAP2K4/mrna_TLR6/mrna_CASP8/mrna_CYBA/mrna_ICAM1/mrna_JUN",9
"c-6","hsa05144","Malaria","5/60","50/8093",3.10206043248796e-05,0.00116717622350928,0.000789818497111545,"mrna_ITGB2/mrna_VCAM1/mrna_TGFB3/mrna_ICAM1/mrna_LRP1",5
"c-6","hsa04012","ErbB signaling pathway","6/60","85/8093",3.57298843931413e-05,0.00116717622350928,0.000789818497111545,"mrna_MAP2K4/mrna_PRKCB/mrna_STAT5B/mrna_ABL1/mrna_ERBB2/mrna_JUN",6
"c-6","hsa05323","Rheumatoid arthritis","6/60","93/8093",5.94816515226703e-05,0.00166548624263477,0.0011270207656927,"mrna_ITGB2/mrna_TEK/mrna_TGFB3/mrna_ANGPT1/mrna_ICAM1/mrna_JUN",6
"c-6","hsa05130","Pathogenic Escherichia coli infection","8/60","197/8093",9.241338783239e-05,0.00215832619404293,0.00146052148469071,"mrna_CTTN/mrna_TRAF2/mrna_TJP1/mrna_TNFRSF10B/mrna_CASP8/mrna_ABL1/mrna_JUN/mrna_WIPF1",8
"c-6","hsa05142","Chagas disease","6/60","102/8093",9.97966391659908e-05,0.00215832619404293,0.00146052148469071,"mrna_MAP2K4/mrna_TLR6/mrna_CASP8/mrna_CD247/mrna_TGFB3/mrna_JUN",6
"c-6","hsa05169","Epstein-Barr virus infection","8/60","202/8093",0.000110118683369537,0.00215832619404293,0.00146052148469071,"mrna_TRAF2/mrna_MAP2K4/mrna_CCND2/mrna_CASP8/mrna_CD247/mrna_ICAM1/mrna_JUN/mrna_CD44",8
"c-6","hsa05161","Hepatitis B","7/60","162/8093",0.000179138266969266,0.00319191821145238,0.00215994465436627,"mrna_MAP2K4/mrna_PRKCB/mrna_CASP8/mrna_STAT5B/mrna_TGFB3/mrna_IFIH1/mrna_JUN",7
"c-6","hsa05166","Human T-cell leukemia virus 1 infection","8/60","222/8093",0.000211508366690484,0.00345463665594457,0.00233772405289482,"mrna_ITGB2/mrna_LCK/mrna_MAP2K4/mrna_CCND2/mrna_STAT5B/mrna_TGFB3/mrna_ICAM1/mrna_JUN",8
"c-6","hsa05140","Leishmaniasis","5/60","77/8093",0.000248267339407222,0.00374310757875505,0.00253292994051093,"mrna_ITGB2/mrna_PRKCB/mrna_CYBA/mrna_TGFB3/mrna_JUN",5
"c-6","hsa04650","Natural killer cell mediated cytotoxicity","6/60","131/8093",0.000392313548894815,0.00549238968452741,0.00371665467374035,"mrna_ITGB2/mrna_LCK/mrna_TNFRSF10B/mrna_PRKCB/mrna_CD247/mrna_ICAM1",6
"c-6","hsa04510","Focal adhesion","7/60","201/8093",0.000664686871583737,0.00868524178869416,0.00587723128558251,"mrna_COL4A1/mrna_CCND2/mrna_PRKCB/mrna_ERBB2/mrna_MYLK/mrna_JUN/mrna_PDGFRB",7
"c-6","hsa05205","Proteoglycans in cancer","7/60","205/8093",0.000747178963453497,0.00915294230230534,0.00619372035494347,"mrna_CTTN/mrna_TIMP3/mrna_PRKCB/mrna_ERBB2/mrna_DCN/mrna_MRAS/mrna_CD44",7
"c-6","hsa05416","Viral myocarditis","4/60","60/8093",0.000976609813029312,0.0102339502258062,0.00692522947610947,"mrna_ITGB2/mrna_CASP8/mrna_ABL1/mrna_ICAM1",4
"c-6","hsa04064","NF-kappa B signaling pathway","5/60","104/8093",0.000992066603522031,0.0102339502258062,0.00692522947610947,"mrna_TRAF2/mrna_VCAM1/mrna_LCK/mrna_PRKCB/mrna_ICAM1",5
"c-6","hsa04620","Toll-like receptor signaling pathway","5/60","104/8093",0.000992066603522031,0.0102339502258062,0.00692522947610947,"mrna_TLR1/mrna_MAP2K4/mrna_TLR6/mrna_CASP8/mrna_JUN",5
"c-6","hsa04670","Leukocyte transendothelial migration","5/60","114/8093",0.00149680763613889,0.0143675592578234,0.00972240852033159,"mrna_ITGB2/mrna_VCAM1/mrna_PRKCB/mrna_CYBA/mrna_ICAM1",5
"c-6","hsa04014","Ras signaling pathway","7/60","232/8093",0.0015393813490525,0.0143675592578234,0.00972240852033159,"mrna_RASGRP1/mrna_PRKCB/mrna_TEK/mrna_ABL1/mrna_ANGPT1/mrna_MRAS/mrna_PDGFRB",7
"c-6","hsa05164","Influenza A","6/60","172/8093",0.00163494754258044,0.0145658962884439,0.00985662154857106,"mrna_TNFRSF10B/mrna_PML/mrna_PRKCB/mrna_CASP8/mrna_ICAM1/mrna_IFIH1",6
"c-6","hsa04115","p53 signaling pathway","4/60","73/8093",0.00202929872444761,0.0172931543474666,0.0117021345208421,"mrna_TNFRSF10B/mrna_CD82/mrna_CCND2/mrna_CASP8",4
"c-6","hsa05132","Salmonella infection","7/60","249/8093",0.00230447561625932,0.0188198841994511,0.012735259984591,"mrna_TRAF2/mrna_TNFRSF10B/mrna_MAP2K4/mrna_TLR6/mrna_CASP8/mrna_JUN/mrna_DCTN1",7
"c-6","hsa05143","African trypanosomiasis","3/60","37/8093",0.00251644969548052,0.0197289656125672,0.0133504278581282,"mrna_VCAM1/mrna_PRKCB/mrna_ICAM1",3
"c-6","hsa05167","Kaposi sarcoma-associated herpesvirus infection","6/60","194/8093",0.00299890792564387,0.0226071520548538,0.015298072819074,"mrna_TRAF2/mrna_UBC/mrna_MAP2K4/mrna_CASP8/mrna_ICAM1/mrna_JUN",6
"c-6","hsa04210","Apoptosis","5/60","136/8093",0.00324212133859101,0.0232657564379215,0.015743744957992,"mrna_TRAF2/mrna_TNFRSF10B/mrna_CASP8/mrna_CSF2RB/mrna_JUN",5
"c-6","hsa05135","Yersinia infection","5/60","137/8093",0.0033460467622201,0.0232657564379215,0.015743744957992,"mrna_TRAF2/mrna_LCK/mrna_MAP2K4/mrna_JUN/mrna_WIPF1",5
"c-6","hsa05162","Measles","5/60","139/8093",0.00356108516906962,0.0232657564379215,0.015743744957992,"mrna_CCND2/mrna_CASP8/mrna_STAT5B/mrna_IFIH1/mrna_JUN",5
"c-6","hsa05418","Fluid shear stress and atherosclerosis","5/60","139/8093",0.00356108516906962,0.0232657564379215,0.015743744957992,"mrna_VCAM1/mrna_MAP2K4/mrna_CYBA/mrna_ICAM1/mrna_JUN",5
"c-6","hsa05235","PD-L1 expression and PD-1 checkpoint pathway in cancer","4/60","89/8093",0.00416926189166901,0.0263604945408751,0.0178379286366824,"mrna_RASGRP1/mrna_LCK/mrna_CD247/mrna_JUN",4
"c-6","hsa04015","Rap1 signaling pathway","6/60","210/8093",0.00443025921676845,0.0271353377027067,0.0183622585958166,"mrna_ITGB2/mrna_PRKCB/mrna_TEK/mrna_ANGPT1/mrna_MRAS/mrna_PDGFRB",6
"c-6","hsa04658","Th1 and Th2 cell differentiation","4/60","92/8093",0.00469337866594176,0.0278758248037753,0.0188633400927803,"mrna_LCK/mrna_STAT5B/mrna_CD247/mrna_JUN",4
"c-6","hsa05146","Amoebiasis","4/60","102/8093",0.00675756252404975,0.0389553604327574,0.0263607702176554,"mrna_COL4A1/mrna_ITGB2/mrna_PRKCB/mrna_TGFB3",4
"c-6","hsa04625","C-type lectin receptor signaling pathway","4/60","104/8093",0.00723222924018305,0.0393754703076633,0.0266450550954112,"mrna_IRF1/mrna_CASP8/mrna_MRAS/mrna_JUN",4
"c-6","hsa04660","T cell receptor signaling pathway","4/60","104/8093",0.00723222924018305,0.0393754703076633,0.0266450550954112,"mrna_RASGRP1/mrna_LCK/mrna_CD247/mrna_JUN",4
"c-6","hsa05206","MicroRNAs in cancer","7/60","310/8093",0.00765067530842289,0.0405279016338078,0.0274248958424263,"mrna_TIMP3/mrna_CCND2/mrna_PRKCB/mrna_ABL1/mrna_ERBB2/mrna_CD44/mrna_PDGFRB",7
"c-6","hsa04659","Th17 cell differentiation","4/60","108/8093",0.0082467184356681,0.0417645154497302,0.028261702184028,"mrna_LCK/mrna_STAT5B/mrna_CD247/mrna_JUN",4
"c-6","hsa04066","HIF-1 signaling pathway","4/60","109/8093",0.00851420287091004,0.0417645154497302,0.028261702184028,"mrna_PRKCB/mrna_TEK/mrna_ERBB2/mrna_ANGPT1",4
"c-6","hsa00531","Glycosaminoglycan degradation","2/60","19/8093",0.00852337049994494,0.0417645154497302,0.028261702184028,"mrna_NAGLU/mrna_SGSH",2
"c-8","hsa04061","Viral protein interaction with cytokine and cytokine receptor","6/40","100/8093",8.36244210709745e-06,0.000659990308072503,0.000555781312061055,"mrna_CXCL12/mrna_CXCR5/mrna_TNFRSF1B/mrna_TNFRSF10D/mrna_CXCR3/mrna_CCR7",6
"c-8","hsa04060","Cytokine-cytokine receptor interaction","9/40","295/8093",1.01536970472693e-05,0.000659990308072503,0.000555781312061055,"mrna_CXCL12/mrna_CXCR5/mrna_TNFRSF1B/mrna_TNFRSF10D/mrna_CXCR3/mrna_TGFBR2/mrna_TNFRSF4/mrna_IL16/mrna_CCR7",9
"c-8","hsa05215","Prostate cancer","5/40","97/8093",0.000105258757629523,0.00456121283061268,0.00384102133104226,"mrna_E2F2/mrna_PDGFRB/mrna_BCL2/mrna_MMP9/mrna_ZEB1",5
"c-8","hsa05206","MicroRNAs in cancer","7/40","310/8093",0.000708966670811161,0.0230414168013627,0.0194032983590423,"mrna_E2F2/mrna_DICER1/mrna_PDGFRB/mrna_BCL2/mrna_MMP9/mrna_NOTCH1/mrna_ZEB1",7
"c-8","hsa05222","Small cell lung cancer","4/40","92/8093",0.00104528199948285,0.0264800737283313,0.0222990094554369,"mrna_E2F2/mrna_TRAF4/mrna_BCL2/mrna_COL4A2",4
"c-8","hsa01522","Endocrine resistance","4/40","98/8093",0.00132286539531942,0.0264800737283313,0.0222990094554369,"mrna_E2F2/mrna_BCL2/mrna_MMP9/mrna_NOTCH1",4
"c-8","hsa04933","AGE-RAGE signaling pathway in diabetic complications","4/40","100/8093",0.00142585012383322,0.0264800737283313,0.0222990094554369,"mrna_TGFBR2/mrna_BCL2/mrna_COL4A2/mrna_COL1A2",4
"c-8","hsa04670","Leukocyte transendothelial migration","4/40","114/8093",0.00230887976213375,0.031088647365419,0.0261799135708792,"mrna_CXCL12/mrna_MMP9/mrna_NCF2/mrna_ROCK2",4
"c-8","hsa04062","Chemokine signaling pathway","5/40","192/8093",0.00239143441272454,0.031088647365419,0.0261799135708792,"mrna_CXCL12/mrna_CXCR5/mrna_CXCR3/mrna_CCR7/mrna_ROCK2",5
"c-8","hsa05202","Transcriptional misregulation in cancer","5/40","192/8093",0.00239143441272454,0.031088647365419,0.0261799135708792,"mrna_MITF/mrna_TGFBR2/mrna_FLI1/mrna_MMP9/mrna_ZEB1",5
"c-8","hsa04510","Focal adhesion","5/40","201/8093",0.0029178583206429,0.0344837801530525,0.0290389727604653,"mrna_PDGFRB/mrna_BCL2/mrna_COL4A2/mrna_COL1A2/mrna_ROCK2",5
"c-8","hsa04926","Relaxin signaling pathway","4/40","129/8093",0.00361217715086835,0.0391319191344071,0.0329531950605534,"mrna_TGFBR2/mrna_MMP9/mrna_COL4A2/mrna_COL1A2",4
"c-9","hsa05206","MicroRNAs in cancer","8/27","310/8093",4.97237515323083e-06,0.000609850660176642,0.000434372042861396,"mrna_ABCC1/mrna_PDGFA/mrna_HMOX1/mrna_MYC/mrna_EZH2/mrna_PLAU/mrna_MCL1/mrna_CCNG1",8
"c-9","hsa05161","Hepatitis B","6/27","162/8093",1.22516636150929e-05,0.000609850660176642,0.000434372042861396,"mrna_CHUK/mrna_MYC/mrna_DDX3X/mrna_MAP2K3/mrna_BIRC5/mrna_CREB1",6
"c-9","hsa04151","PI3K-Akt signaling pathway","8/27","354/8093",1.3230897433087e-05,0.000609850660176642,0.000434372042861396,"mrna_CHUK/mrna_PDGFA/mrna_MYC/mrna_ITGA9/mrna_GSK3B/mrna_MCL1/mrna_KITLG/mrna_CREB1",8
"c-9","hsa05215","Prostate cancer","5/27","97/8093",1.46072014413567e-05,0.000609850660176642,0.000434372042861396,"mrna_CHUK/mrna_PDGFA/mrna_GSK3B/mrna_PLAU/mrna_CREB1",5
"c-9","hsa05221","Acute myeloid leukemia","3/27","67/8093",0.00137619902480798,0.0459650474285864,0.0327390504849055,"mrna_CHUK/mrna_MYC/mrna_ITGAM",3
"c-10","hsa05417","Lipid and atherosclerosis","6/22","215/8093",1.7132317439809e-05,0.00280970006012868,0.00223621827635402,"mrna_NLRP3/mrna_CCL3/mrna_CD40/mrna_LDLR/mrna_PIK3CD/mrna_CYBB",6
"c-10","hsa04060","Cytokine-cytokine receptor interaction","6/22","295/8093",0.000101493348787433,0.00832245460056954,0.00662377644717986,"mrna_OSM/mrna_CCL3/mrna_CD40/mrna_CCR1/mrna_IL2RG/mrna_IL17RA",6
"c-10","hsa04625","C-type lectin receptor signaling pathway","4/22","104/8093",0.000157544936572692,0.00861245653264051,0.00685458671403994,"mrna_NLRP3/mrna_PIK3CD/mrna_CLEC7A/mrna_PAK1",4
"c-10","hsa04012","ErbB signaling pathway","3/22","85/8093",0.00149073094696777,0.040400333716451,0.0321543092480098,"mrna_PIK3CD/mrna_HBEGF/mrna_PAK1",3
"c-10","hsa04062","Chemokine signaling pathway","4/22","192/8093",0.00160627761771107,0.040400333716451,0.0321543092480098,"mrna_CCL3/mrna_PIK3CD/mrna_CCR1/mrna_PAK1",4
"c-10","hsa05222","Small cell lung cancer","3/22","92/8093",0.0018721701410789,0.040400333716451,0.0321543092480098,"mrna_LAMB1/mrna_MAX/mrna_PIK3CD",3
"c-10","hsa05205","Proteoglycans in cancer","4/22","205/8093",0.00204359876867246,0.040400333716451,0.0321543092480098,"mrna_PIK3CD/mrna_HBEGF/mrna_CD63/mrna_PAK1",4
"c-10","hsa04061","Viral protein interaction with cytokine and cytokine receptor","3/22","100/8093",0.00237696341339752,0.040400333716451,0.0321543092480098,"mrna_CCL3/mrna_CCR1/mrna_IL2RG",3
"c-10","hsa04933","AGE-RAGE signaling pathway in diabetic complications","3/22","100/8093",0.00237696341339752,0.040400333716451,0.0321543092480098,"mrna_EDN1/mrna_PIK3CD/mrna_CYBB",3
"c-10","hsa04620","Toll-like receptor signaling pathway","3/22","104/8093",0.00265813038612098,0.040400333716451,0.0321543092480098,"mrna_CCL3/mrna_CD40/mrna_PIK3CD",3
"c-10","hsa04066","HIF-1 signaling pathway","3/22","109/8093",0.00303752909765653,0.040400333716451,0.0321543092480098,"mrna_EDN1/mrna_PIK3CD/mrna_CYBB",3
"c-10","hsa05171","Coronavirus disease - COVID-19","4/22","232/8093",0.00320501158743619,0.040400333716451,0.0321543092480098,"mrna_NLRP3/mrna_PIK3CD/mrna_HBEGF/mrna_CYBB",4
"c-10","hsa05145","Toxoplasmosis","3/22","112/8093",0.00328041569972884,0.040400333716451,0.0321543092480098,"mrna_CD40/mrna_LAMB1/mrna_LDLR",3
"c-10","hsa04670","Leukocyte transendothelial migration","3/22","114/8093",0.0034488089757946,0.040400333716451,0.0321543092480098,"mrna_PIK3CD/mrna_CD99/mrna_CYBB",3
"c-10","hsa05330","Allograft rejection","2/22","38/8093",0.00467410121404103,0.0479095374439205,0.0381308256934926,"mrna_CD40/mrna_GZMB",2
"c-10","hsa05340","Primary immunodeficiency","2/22","38/8093",0.00467410121404103,0.0479095374439205,0.0381308256934926,"mrna_CD40/mrna_IL2RG",2
"c-10","hsa04650","Natural killer cell mediated cytotoxicity","3/22","131/8093",0.00509674711418141,0.0491686192191618,0.0391329190191018,"mrna_PIK3CD/mrna_GZMB/mrna_PAK1",3
